Workbook
Name Bagiai: Dashboard!$J$53

Sheet Dashboard
E2: Welcome to the District Code Record
F5: Welcome to the raw district coding system
F6: The purpose of this project is to consolidate codes for all district, parish, seket and congregation of ELCPNG
B8: District Code Records | F8: The coding per district, seket, parish and congregation are respectively arraged in three alphanumeric character as follows:
B9: as of March 2023 | F9: District code | G9: Dxx | H9: Distict codes begin with the alphabet "D" and folled by two digit number. Example, D01, D03 etc…
F10: Seket Code | G10: Dxx-Sxx | H10: Seket code is a combination of its respective district code followed by a three alphanumeric character beginning with the letter "S"
H11: for example: D01-S04 which represent Seket 4 in District 1
B12: District | F12: Parish Code | G12: Dxx-Sxx-Pxx | H12: The Parish code captures the district and seket code where it is under followed by its respective pCode wich is a three alphanumeric beginning with the letter "P"
H13: for example: D04-S05-P02
F14: Congregation Code | G14: Dxx-Sxx-Pxx-Kxx | H14: The Congregation code captures the parish code of its respective parish then followed by its kCode which is a alphanumeric of three characters beginning with "K"
B15: Seket | H15: for example: D08-S05-P-04-K03
F16: sCode, pCode, kCode | H16: you would see this header sCode in Seket, pCode in Parish and kCode in Congregation. These are the intermediate codes that are entered inorder to generate the respective
H17: seketCode, parishCode and congCode
B18: Parish
F19: Summary
F20: These are the summary of the table listings. You will realise that is not fully updated yet per the summary totals. The updating is still in progress as of the date this system was set up
B21: Congregation
F22: 1. Overall Total | I22: 2. Total per districts | N22: 3. List Sekets per districts
F23: Disticts | G23: =ROWS(tblDistrict[]) -> 17 | I23: District | J23: tot Seket | K23: tot Parish | L23: tot Cong | N23: District | O23: number of seket
F24: Circuits | G24: =ROWS(tblSeket[]) -> 84 | I24: Kâte | J24: =COUNTIFS(tblSeket[distName],I24) -> 8 | K24: =COUNTIFS(tblParish[disName],I24) -> 59 | L24: =COUNTIFS(tblCong[distName],I24) -> 283 | N24: Kâte | O24: 8
F25: Parishes | G25: =ROWS(tblParish[]) -> 355 | I25: Jabem | J25: =COUNTIFS(tblSeket[distName],I25) -> 14 | K25: =COUNTIFS(tblParish[disName],I25) -> 116 | L25: =COUNTIFS(tblCong[distName],I25) -> 542 | N25: Jabem | O25: 14
F26: Congregations | G26: =ROWS(tblCong[]) -> 1395 | I26: Madang | J26: =COUNTIFS(tblSeket[distName],I26) -> 8 | K26: =COUNTIFS(tblParish[disName],I26) -> 33 | L26: =COUNTIFS(tblCong[distName],I26) -> 70 | N26: Madang | O26: 8
I27: Karkar | J27: =COUNTIFS(tblSeket[distName],I27) -> 6 | K27: =COUNTIFS(tblParish[disName],I27) -> 31 | L27: =COUNTIFS(tblCong[distName],I27) -> 71 | N27: Karkar | O27: 6
I28: Siassi | J28: =COUNTIFS(tblSeket[distName],I28) -> 2 | K28: =COUNTIFS(tblParish[disName],I28) -> 15 | L28: =COUNTIFS(tblCong[distName],I28) -> 35 | N28: Siassi | O28: 2
I29: Ukata | J29: =COUNTIFS(tblSeket[distName],I29) -> 10 | K29: 57 | L29: 253 | N29: Boana | O29: 3
I30: Boana | J30: =COUNTIFS(tblSeket[distName],I30) -> 3 | K30: =COUNTIFS(tblParish[disName],I30) -> 18 | L30: =COUNTIFS(tblCong[distName],I30) -> 96 | N30: Mumeng | O30: 5
I31: Mumeng | J31: =COUNTIFS(tblSeket[distName],I31) -> 5 | K31: =COUNTIFS(tblParish[disName],I31) -> 19 | L31: =COUNTIFS(tblCong[distName],I31) -> 82 | N31: Ukata | O31: 10
I32: NGI | J32: =COUNTIFS(tblSeket[distName],I32) -> 4 | K32: =COUNTIFS(tblParish[disName],I32) -> 5 | L32: =COUNTIFS(tblCong[distName],I32) -> 9 | N32: NGI | O32: 4
I33: Papua | J33: 4 | K33: NA | L33: 30 | N33: Goroka | O33: 7
I34: Kainantu | J34: 7 | K34: 25 | L34: 104 | N34: Simbu | O34: 17
I35: Goroka | J35: =COUNTIFS(tblSeket[distName],I35) -> 7 | K35: =COUNTIFS(tblParish[disName],I35) -> 18 | L35: =COUNTIFS(tblCong[distName],I35) -> 36 | N35: Grand Total | O35: 84
I36: East Simbu | J36: 0 | K36: 0 | L36: 0
I37: Simbu | J37: =COUNTIFS(tblSeket[distName],I37) -> 17 | K37: 16 | L37: 250
I38: Jiwaka | J38: 8 | K38: 52 | L38: 205
I39: Hagen | J39: 13 | K39: 50 | L39: 242
I40: Emmanuel | J40: =COUNTIFS(tblSeket[distName],I40) -> 0 | K40: =COUNTIFS(tblParish[disName],I40) -> 0 | L40: =COUNTIFS(tblCong[distName],I40) -> 0
I42: total | J42: =SUM(J24:J40) -> 116 | K42: =SUM(K24:K40) -> 514 | L42: =SUM(L24:L40) -> 2308
F45: 4.List and number of congregation, per district, seket, parish | J45: 5. List and number of Parishes per district, seket
F47: Dist/Seket/Parish | G47: number of cong | J47: Districts | K47: number of Parish
F48: Kâte | G48: 283 | J48: Kâte | K48: 59
F49: Jabem | G49: 541 | J49: Jabem | K49: 116
F50: Madang | G50: 70 | J50: Madang | K50: 33
F51: Karkar | G51: 71 | J51: Karkar | K51: 31
F52: Siassi | G52: 35 | J52: Siassi | K52: 15
F53: Ukata | G53: 171 | J53: Ukata | K53: 40
F54: Boana | G54: 96 | J54: Boana | K54: 18
F55: Mumeng | G55: 82 | J55: Mumeng | K55: 19
F56: NGI | G56: 9 | J56: NGI | K56: 5
F57: Goroka | G57: 36 | J57: Goroka | K57: 18
F58: Grand Total | G58: 1394 | J58: Grand Total | K58: 354

Sheet Distrik
E2: District Codes
F4: DistCode | G4: Dist Name
F5: D01 | G5: Kâte
F6: D02 | G6: Jabem
F7: D03 | G7: Madang
B8: =Dashboard!B8 -> District Code Records | F8: D04 | G8: Karkar
B9: =Dashboard!B9 -> as of March 2023 | F9: D05 | G9: Siassi
F10: D06 | G10: Ukata
F11: D07 | G11: Boana
B12: District | F12: D08 | G12: Mumeng
F13: D09 | G13: NGI
F14: D10 | G14: Papua
B15: Seket | F15: D11 | G15: Kainantu
F16: D12 | G16: Goroka
F17: D13 | G17: Is Simbu
B18: Parish | F18: D14 | G18: Simbu
F19: D15 | G19: Jiwaka
F20: D16 | G20: Hagen
B21: Congregation | F21: D17 | G21: Imanuel
B24: Summary

Sheet Seket
E2: Seket Codes
F3: Seket Information | I3: total rows | J3: =SUBTOTAL(3,tblSeket[SeketCode]) -> 84
F4: SeketCode | G4: DistCode | H4: distName | I4: scode | J4: SeketName
F5: =CONCATENATE(tblSeket[[#This Row],[DistCode]],"-",tblSeket[[#This Row],[scode]]) -> D01-S01 | G5: =Distrik!F5 -> D01 | H5: =VLOOKUP(tblSeket[[#This Row],[DistCode]],tblDistrict[#All],2,FALSE) -> Kâte | I5: S01 | J5: Kalasa
F6: =CONCATENATE(tblSeket[[#This Row],[DistCode]],"-",tblSeket[[#This Row],[scode]]) -> D01-S02 | G6: =Distrik!F5 -> D01 | H6: =VLOOKUP(tblSeket[[#This Row],[DistCode]],tblDistrict[#All],2,FALSE) -> Kâte | I6: S02 | J6: Dedua
F7: =CONCATENATE(tblSeket[[#This Row],[DistCode]],"-",tblSeket[[#This Row],[scode]]) -> D01-S03 | G7: =Distrik!F5 -> D01 | H7: =VLOOKUP(tblSeket[[#This Row],[DistCode]],tblDistrict[#All],2,FALSE) -> Kâte | I7: S03 | J7: Sattelberg
B8: =Dashboard!B8 -> District Code Records | F8: =CONCATENATE(tblSeket[[#This Row],[DistCode]],"-",tblSeket[[#This Row],[scode]]) -> D01-S04 | G8: =Distrik!F5 -> D01 | H8: =VLOOKUP(tblSeket[[#This Row],[DistCode]],tblDistrict[#All],2,FALSE) -> Kâte | I8: S04 | J8: Qembung
B9: =Dashboard!B9 -> as of March 2023 | F9: =CONCATENATE(tblSeket[[#This Row],[DistCode]],"-",tblSeket[[#This Row],[scode]]) -> D01-S05 | G9: =Distrik!F5 -> D01 | H9: =VLOOKUP(tblSeket[[#This Row],[DistCode]],tblDistrict[#All],2,FALSE) -> Kâte | I9: S05 | J9: Hube
F10: =CONCATENATE(tblSeket[[#This Row],[DistCode]],"-",tblSeket[[#This Row],[scode]]) -> D01-S06 | G10: =Distrik!F5 -> D01 | H10: =VLOOKUP(tblSeket[[#This Row],[DistCode]],tblDistrict[#All],2,FALSE) -> Kâte | I10: S06 | J10: Somba
F11: =CONCATENATE(tblSeket[[#This Row],[DistCode]],"-",tblSeket[[#This Row],[scode]]) -> D01-S07 | G11: =Distrik!F5 -> D01 | H11: =VLOOKUP(tblSeket[[#This Row],[DistCode]],tblDistrict[#All],2,FALSE) -> Kâte | I11: S07 | J11: Zaka
B12: District | F12: =CONCATENATE(tblSeket[[#This Row],[DistCode]],"-",tblSeket[[#This Row],[scode]]) -> D01-S08 | G12: =Distrik!F5 -> D01 | H12: =VLOOKUP(tblSeket[[#This Row],[DistCode]],tblDistrict[#All],2,FALSE) -> Kâte | I12: S08 | J12: Garaina
F13: =CONCATENATE(tblSeket[[#This Row],[DistCode]],"-",tblSeket[[#This Row],[scode]]) -> D02-S01 | G13: =Distrik!F6 -> D02 | H13: =VLOOKUP(tblSeket[[#This Row],[DistCode]],tblDistrict[#All],2,FALSE) -> Jabem | I13: S01 | J13: Aseki
F14: =CONCATENATE(tblSeket[[#This Row],[DistCode]],"-",tblSeket[[#This Row],[scode]]) -> D02-S02 | G14: =Distrik!F6 -> D02 | H14: =VLOOKUP(tblSeket[[#This Row],[DistCode]],tblDistrict[#All],2,FALSE) -> Jabem | I14: S02 | J14: Deka
B15: Seket | F15: =CONCATENATE(tblSeket[[#This Row],[DistCode]],"-",tblSeket[[#This Row],[scode]]) -> D02-S03 | G15: =Distrik!F6 -> D02 | H15: =VLOOKUP(tblSeket[[#This Row],[DistCode]],tblDistrict[#All],2,FALSE) -> Jabem | I15: S03 | J15: Buang
F16: =CONCATENATE(tblSeket[[#This Row],[DistCode]],"-",tblSeket[[#This Row],[scode]]) -> D02-S04 | G16: =Distrik!F6 -> D02 | H16: =VLOOKUP(tblSeket[[#This Row],[DistCode]],tblDistrict[#All],2,FALSE) -> Jabem | I16: S04 | J16: Kaiapit
F17: =CONCATENATE(tblSeket[[#This Row],[DistCode]],"-",tblSeket[[#This Row],[scode]]) -> D02-S05 | G17: =Distrik!F6 -> D02 | H17: =VLOOKUP(tblSeket[[#This Row],[DistCode]],tblDistrict[#All],2,FALSE) -> Jabem | I17: S05 | J17: Kainantiba
B18: Parish | F18: =CONCATENATE(tblSeket[[#This Row],[DistCode]],"-",tblSeket[[#This Row],[scode]]) -> D02-S06 | G18: =Distrik!F6 -> D02 | H18: =VLOOKUP(tblSeket[[#This Row],[DistCode]],tblDistrict[#All],2,FALSE) -> Jabem | I18: S06 | J18: Lae City
F19: =CONCATENATE(tblSeket[[#This Row],[DistCode]],"-",tblSeket[[#This Row],[scode]]) -> D02-S07 | G19: =Distrik!F6 -> D02 | H19: =VLOOKUP(tblSeket[[#This Row],[DistCode]],tblDistrict[#All],2,FALSE) -> Jabem | I19: S07 | J19: Lae
F20: =CONCATENATE(tblSeket[[#This Row],[DistCode]],"-",tblSeket[[#This Row],[scode]]) -> D02-S08 | G20: =Distrik!F6 -> D02 | H20: =VLOOKUP(tblSeket[[#This Row],[DistCode]],tblDistrict[#All],2,FALSE) -> Jabem | I20: S08 | J20: Laulu
B21: Congregation | F21: =CONCATENATE(tblSeket[[#This Row],[DistCode]],"-",tblSeket[[#This Row],[scode]]) -> D02-S09 | G21: =Distrik!F6 -> D02 | H21: =VLOOKUP(tblSeket[[#This Row],[DistCode]],tblDistrict[#All],2,FALSE) -> Jabem | I21: S09 | J21: Malalo
F22: =CONCATENATE(tblSeket[[#This Row],[DistCode]],"-",tblSeket[[#This Row],[scode]]) -> D02-S10 | G22: =Distrik!F6 -> D02 | H22: =VLOOKUP(tblSeket[[#This Row],[DistCode]],tblDistrict[#All],2,FALSE) -> Jabem | I22: S10 | J22: Menyamya
F23: =CONCATENATE(tblSeket[[#This Row],[DistCode]],"-",tblSeket[[#This Row],[scode]]) -> D02-S11 | G23: =Distrik!F6 -> D02 | H23: =VLOOKUP(tblSeket[[#This Row],[DistCode]],tblDistrict[#All],2,FALSE) -> Jabem | I23: S11 | J23: Sangang
B24: Summary | F24: =CONCATENATE(tblSeket[[#This Row],[DistCode]],"-",tblSeket[[#This Row],[scode]]) -> D02-S12 | G24: =Distrik!F6 -> D02 | H24: =VLOOKUP(tblSeket[[#This Row],[DistCode]],tblDistrict[#All],2,FALSE) -> Jabem | I24: S12 | J24: Wampar
F25: =CONCATENATE(tblSeket[[#This Row],[DistCode]],"-",tblSeket[[#This Row],[scode]]) -> D02-S13 | G25: =Distrik!F6 -> D02 | H25: =VLOOKUP(tblSeket[[#This Row],[DistCode]],tblDistrict[#All],2,FALSE) -> Jabem | I25: S13 | J25: Wantoat
F26: =CONCATENATE(tblSeket[[#This Row],[DistCode]],"-",tblSeket[[#This Row],[scode]]) -> D02-S14 | G26: =Distrik!F6 -> D02 | H26: =VLOOKUP(tblSeket[[#This Row],[DistCode]],tblDistrict[#All],2,FALSE) -> Jabem | I26: S14 | J26: Jabem
F27: =CONCATENATE(tblSeket[[#This Row],[DistCode]],"-",tblSeket[[#This Row],[scode]]) -> D03-S01 | G27: =Distrik!F7 -> D03 | H27: =VLOOKUP(tblSeket[[#This Row],[DistCode]],tblDistrict[#All],2,FALSE) -> Madang | I27: S01 | J27: Amele
F28: =CONCATENATE(tblSeket[[#This Row],[DistCode]],"-",tblSeket[[#This Row],[scode]]) -> D03-S02 | G28: =Distrik!F7 -> D03 | H28: =VLOOKUP(tblSeket[[#This Row],[DistCode]],tblDistrict[#All],2,FALSE) -> Madang | I28: S02 | J28: Bongu
F29: =CONCATENATE(tblSeket[[#This Row],[DistCode]],"-",tblSeket[[#This Row],[scode]]) -> D03-S03 | G29: =Distrik!F7 -> D03 | H29: =VLOOKUP(tblSeket[[#This Row],[DistCode]],tblDistrict[#All],2,FALSE) -> Madang | I29: S03 | J29: Biliau
F30: =CONCATENATE(tblSeket[[#This Row],[DistCode]],"-",tblSeket[[#This Row],[scode]]) -> D03-S04 | G30: =Distrik!F7 -> D03 | H30: =VLOOKUP(tblSeket[[#This Row],[DistCode]],tblDistrict[#All],2,FALSE) -> Madang | I30: S04 | J30: Begesin
F31: =CONCATENATE(tblSeket[[#This Row],[DistCode]],"-",tblSeket[[#This Row],[scode]]) -> D03-S05 | G31: =Distrik!F7 -> D03 | H31: =VLOOKUP(tblSeket[[#This Row],[DistCode]],tblDistrict[#All],2,FALSE) -> Madang | I31: S05 | J31: Kabak
F32: =CONCATENATE(tblSeket[[#This Row],[DistCode]],"-",tblSeket[[#This Row],[scode]]) -> D03-S06 | G32: =Distrik!F7 -> D03 | H32: =VLOOKUP(tblSeket[[#This Row],[DistCode]],tblDistrict[#All],2,FALSE) -> Madang | I32: S06 | J32: Ranara
F33: =CONCATENATE(tblSeket[[#This Row],[DistCode]],"-",tblSeket[[#This Row],[scode]]) -> D03-S07 | G33: =Distrik!F7 -> D03 | H33: =VLOOKUP(tblSeket[[#This Row],[DistCode]],tblDistrict[#All],2,FALSE) -> Madang | I33: S07 | J33: Madang Taun
F34: =CONCATENATE(tblSeket[[#This Row],[DistCode]],"-",tblSeket[[#This Row],[scode]]) -> D03-S08 | G34: =Distrik!F7 -> D03 | H34: =VLOOKUP(tblSeket[[#This Row],[DistCode]],tblDistrict[#All],2,FALSE) -> Madang | I34: S08 | J34: Wanuma
F35: =CONCATENATE(tblSeket[[#This Row],[DistCode]],"-",tblSeket[[#This Row],[scode]]) -> D04-S01 | G35: =Distrik!F8 -> D04 | H35: =VLOOKUP(tblSeket[[#This Row],[DistCode]],tblDistrict[#All],2,FALSE) -> Karkar | I35: S01 | J35: Samoan
F36: =CONCATENATE(tblSeket[[#This Row],[DistCode]],"-",tblSeket[[#This Row],[scode]]) -> D04-S02 | G36: =Distrik!F8 -> D04 | H36: =VLOOKUP(tblSeket[[#This Row],[DistCode]],tblDistrict[#All],2,FALSE) -> Karkar | I36: S02 | J36: Bumsol
F37: =CONCATENATE(tblSeket[[#This Row],[DistCode]],"-",tblSeket[[#This Row],[scode]]) -> D04-S03 | G37: =Distrik!F8 -> D04 | H37: =VLOOKUP(tblSeket[[#This Row],[DistCode]],tblDistrict[#All],2,FALSE) -> Karkar | I37: S03 | J37: Kulubob
F38: =CONCATENATE(tblSeket[[#This Row],[DistCode]],"-",tblSeket[[#This Row],[scode]]) -> D04-S04 | G38: =Distrik!F8 -> D04 | H38: =VLOOKUP(tblSeket[[#This Row],[DistCode]],tblDistrict[#All],2,FALSE) -> Karkar | I38: S04 | J38: Bagiai
F39: =CONCATENATE(tblSeket[[#This Row],[DistCode]],"-",tblSeket[[#This Row],[scode]]) -> D04-S05 | G39: =Distrik!F8 -> D04 | H39: =VLOOKUP(tblSeket[[#This Row],[DistCode]],tblDistrict[#All],2,FALSE) -> Karkar | I39: S05 | J39: Tagub
F40: =CONCATENATE(tblSeket[[#This Row],[DistCode]],"-",tblSeket[[#This Row],[scode]]) -> D04-S06 | G40: =Distrik!F8 -> D04 | H40: =VLOOKUP(tblSeket[[#This Row],[DistCode]],tblDistrict[#All],2,FALSE) -> Karkar | I40: S06 | J40: Bagabag
F41: =CONCATENATE(tblSeket[[#This Row],[DistCode]],"-",tblSeket[[#This Row],[scode]]) -> D05-S01 | G41: =Distrik!F9 -> D05 | H41: =VLOOKUP(tblSeket[[#This Row],[DistCode]],tblDistrict[#All],2,FALSE) -> Siassi | I41: S01 | J41: Zone 1: Molap
F42: =CONCATENATE(tblSeket[[#This Row],[DistCode]],"-",tblSeket[[#This Row],[scode]]) -> D05-S02 | G42: =Distrik!F9 -> D05 | H42: =VLOOKUP(tblSeket[[#This Row],[DistCode]],tblDistrict[#All],2,FALSE) -> Siassi | I42: S02 | J42: Zone 2: Bula
F43: =CONCATENATE(tblSeket[[#This Row],[DistCode]],"-",tblSeket[[#This Row],[scode]]) -> D06-S01 | G43: =Distrik!F10 -> D06 | H43: =VLOOKUP(tblSeket[[#This Row],[DistCode]],tblDistrict[#All],2,FALSE) -> Ukata | I43: S01 | J43: Komba
F44: =CONCATENATE(tblSeket[[#This Row],[DistCode]],"-",tblSeket[[#This Row],[scode]]) -> D06-S02 | G44: =Distrik!F10 -> D06 | H44: =VLOOKUP(tblSeket[[#This Row],[DistCode]],tblDistrict[#All],2,FALSE) -> Ukata | I44: S02 | J44: Kabwum
F45: =CONCATENATE(tblSeket[[#This Row],[DistCode]],"-",tblSeket[[#This Row],[scode]]) -> D06-S03 | G45: =Distrik!F10 -> D06 | H45: =VLOOKUP(tblSeket[[#This Row],[DistCode]],tblDistrict[#All],2,FALSE) -> Ukata | I45: S03 | J45: Timbe
F46: =CONCATENATE(tblSeket[[#This Row],[DistCode]],"-",tblSeket[[#This Row],[scode]]) -> D06-S04 | G46: =Distrik!F10 -> D06 | H46: =VLOOKUP(tblSeket[[#This Row],[DistCode]],tblDistrict[#All],2,FALSE) -> Ukata | I46: S04 | J46: Yalumet
F47: =CONCATENATE(tblSeket[[#This Row],[DistCode]],"-",tblSeket[[#This Row],[scode]]) -> D06-S05 | G47: =Distrik!F10 -> D06 | H47: =VLOOKUP(tblSeket[[#This Row],[DistCode]],tblDistrict[#All],2,FALSE) -> Ukata | I47: S05 | J47: Sio-Stolz
F48: =CONCATENATE(tblSeket[[#This Row],[DistCode]],"-",tblSeket[[#This Row],[scode]]) -> D06-S06 | G48: =Distrik!F10 -> D06 | H48: =VLOOKUP(tblSeket[[#This Row],[DistCode]],tblDistrict[#All],2,FALSE) -> Ukata | I48: S06 | J48: Ulap
F49: =CONCATENATE(tblSeket[[#This Row],[DistCode]],"-",tblSeket[[#This Row],[scode]]) -> D06-S07 | G49: =Distrik!F10 -> D06 | H49: =VLOOKUP(tblSeket[[#This Row],[DistCode]],tblDistrict[#All],2,FALSE) -> Ukata | I49: S07 | J49: Wewebo
F50: =CONCATENATE(tblSeket[[#This Row],[DistCode]],"-",tblSeket[[#This Row],[scode]]) -> D06-S08 | G50: =Distrik!F10 -> D06 | H50: =VLOOKUP(tblSeket[[#This Row],[DistCode]],tblDistrict[#All],2,FALSE) -> Ukata | I50: S08 | J50: Tapen
F51: =CONCATENATE(tblSeket[[#This Row],[DistCode]],"-",tblSeket[[#This Row],[scode]]) -> D06-S09 | G51: =Distrik!F10 -> D06 | H51: =VLOOKUP(tblSeket[[#This Row],[DistCode]],tblDistrict[#All],2,FALSE) -> Ukata | I51: S09 | J51: Teptep
F52: =CONCATENATE(tblSeket[[#This Row],[DistCode]],"-",tblSeket[[#This Row],[scode]]) -> D06-S10 | G52: =Distrik!F10 -> D06 | H52: =VLOOKUP(tblSeket[[#This Row],[DistCode]],tblDistrict[#All],2,FALSE) -> Ukata | I52: S10 | J52: Nankina
F53: =CONCATENATE(tblSeket[[#This Row],[DistCode]],"-",tblSeket[[#This Row],[scode]]) -> D07-S01 | G53: =Distrik!F11 -> D07 | H53: =VLOOKUP(tblSeket[[#This Row],[DistCode]],tblDistrict[#All],2,FALSE) -> Boana | I53: S01 | J53: Zone 1: Erap
F54: =CONCATENATE(tblSeket[[#This Row],[DistCode]],"-",tblSeket[[#This Row],[scode]]) -> D07-S02 | G54: =Distrik!F11 -> D07 | H54: =VLOOKUP(tblSeket[[#This Row],[DistCode]],tblDistrict[#All],2,FALSE) -> Boana | I54: S02 | J54: Zone 2: Wain
F55: =CONCATENATE(tblSeket[[#This Row],[DistCode]],"-",tblSeket[[#This Row],[scode]]) -> D07-S03 | G55: =Distrik!F11 -> D07 | H55: =VLOOKUP(tblSeket[[#This Row],[DistCode]],tblDistrict[#All],2,FALSE) -> Boana | I55: S03 | J55: Zone 3: Nabak
F56: =CONCATENATE(tblSeket[[#This Row],[DistCode]],"-",tblSeket[[#This Row],[scode]]) -> D08-S01 | G56: =Distrik!F12 -> D08 | H56: =VLOOKUP(tblSeket[[#This Row],[DistCode]],tblDistrict[#All],2,FALSE) -> Mumeng | I56: S01 | J56: Zone 1
F57: =CONCATENATE(tblSeket[[#This Row],[DistCode]],"-",tblSeket[[#This Row],[scode]]) -> D08-S02 | G57: =Distrik!F12 -> D08 | H57: =VLOOKUP(tblSeket[[#This Row],[DistCode]],tblDistrict[#All],2,FALSE) -> Mumeng | I57: S02 | J57: Zone 2
F58: =CONCATENATE(tblSeket[[#This Row],[DistCode]],"-",tblSeket[[#This Row],[scode]]) -> D08-S03 | G58: =Distrik!F12 -> D08 | H58: =VLOOKUP(tblSeket[[#This Row],[DistCode]],tblDistrict[#All],2,FALSE) -> Mumeng | I58: S03 | J58: Zone 3
F59: =CONCATENATE(tblSeket[[#This Row],[DistCode]],"-",tblSeket[[#This Row],[scode]]) -> D08-S04 | G59: =Distrik!F12 -> D08 | H59: =VLOOKUP(tblSeket[[#This Row],[DistCode]],tblDistrict[#All],2,FALSE) -> Mumeng | I59: S04 | J59: Zone 4
F60: =CONCATENATE(tblSeket[[#This Row],[DistCode]],"-",tblSeket[[#This Row],[scode]]) -> D08-S05 | G60: =Distrik!F12 -> D08 | H60: =VLOOKUP(tblSeket[[#This Row],[DistCode]],tblDistrict[#All],2,FALSE) -> Mumeng | I60: S05 | J60: Zone 5
F61: =CONCATENATE(tblSeket[[#This Row],[DistCode]],"-",tblSeket[[#This Row],[scode]]) -> D09-S01 | G61: =Distrik!F13 -> D09 | H61: =VLOOKUP(tblSeket[[#This Row],[DistCode]],tblDistrict[#All],2,FALSE) -> NGI | I61: S01 | J61: Kimbe
F62: =CONCATENATE(tblSeket[[#This Row],[DistCode]],"-",tblSeket[[#This Row],[scode]]) -> D09-S02 | G62: =Distrik!F13 -> D09 | H62: =VLOOKUP(tblSeket[[#This Row],[DistCode]],tblDistrict[#All],2,FALSE) -> NGI | I62: S02 | J62: Biala
F63: =CONCATENATE(tblSeket[[#This Row],[DistCode]],"-",tblSeket[[#This Row],[scode]]) -> D09-S03 | G63: =Distrik!F13 -> D09 | H63: =VLOOKUP(tblSeket[[#This Row],[DistCode]],tblDistrict[#All],2,FALSE) -> NGI | I63: S03 | J63: Rabaul
F64: =CONCATENATE(tblSeket[[#This Row],[DistCode]],"-",tblSeket[[#This Row],[scode]]) -> D09-S04 | G64: =Distrik!F13 -> D09 | H64: =VLOOKUP(tblSeket[[#This Row],[DistCode]],tblDistrict[#All],2,FALSE) -> NGI | I64: S04 | J64: Kevieng
F65: =CONCATENATE(tblSeket[[#This Row],[DistCode]],"-",tblSeket[[#This Row],[scode]]) -> D12-S01 | G65: =Distrik!F16 -> D12 | H65: =VLOOKUP(tblSeket[[#This Row],[DistCode]],tblDistrict[#All],2,FALSE) -> Goroka | I65: S01 | J65: Tarabo
F66: =CONCATENATE(tblSeket[[#This Row],[DistCode]],"-",tblSeket[[#This Row],[scode]]) -> D12-S02 | G66: =Distrik!F16 -> D12 | H66: =VLOOKUP(tblSeket[[#This Row],[DistCode]],tblDistrict[#All],2,FALSE) -> Goroka | I66: S02 | J66: Fayantina
F67: =CONCATENATE(tblSeket[[#This Row],[DistCode]],"-",tblSeket[[#This Row],[scode]]) -> D12-S03 | G67: =Distrik!F16 -> D12 | H67: =VLOOKUP(tblSeket[[#This Row],[DistCode]],tblDistrict[#All],2,FALSE) -> Goroka | I67: S03 | J67: Rongo
F68: =CONCATENATE(tblSeket[[#This Row],[DistCode]],"-",tblSeket[[#This Row],[scode]]) -> D12-S04 | G68: =Distrik!F16 -> D12 | H68: =VLOOKUP(tblSeket[[#This Row],[DistCode]],tblDistrict[#All],2,FALSE) -> Goroka | I68: S04 | J68: Asaroka
F69: =CONCATENATE(tblSeket[[#This Row],[DistCode]],"-",tblSeket[[#This Row],[scode]]) -> D12-S05 | G69: =Distrik!F16 -> D12 | H69: =VLOOKUP(tblSeket[[#This Row],[DistCode]],tblDistrict[#All],2,FALSE) -> Goroka | I69: S05 | J69: Hongugo
F70: =CONCATENATE(tblSeket[[#This Row],[DistCode]],"-",tblSeket[[#This Row],[scode]]) -> D12-S06 | G70: =Distrik!F16 -> D12 | H70: =VLOOKUP(tblSeket[[#This Row],[DistCode]],tblDistrict[#All],2,FALSE) -> Goroka | I70: S06 | J70: Goroka Taun
F71: =CONCATENATE(tblSeket[[#This Row],[DistCode]],"-",tblSeket[[#This Row],[scode]]) -> D12-S07 | G71: =Distrik!F16 -> D12 | H71: =VLOOKUP(tblSeket[[#This Row],[DistCode]],tblDistrict[#All],2,FALSE) -> Goroka | I71: S07 | J71: Bena
F72: =CONCATENATE(tblSeket[[#This Row],[DistCode]],"-",tblSeket[[#This Row],[scode]]) -> D14-S01 | G72: =Distrik!F18 -> D14 | H72: =VLOOKUP(tblSeket[[#This Row],[DistCode]],tblDistrict[#All],2,FALSE) -> Simbu | I72: S01 | J72: Simbru
F73: =CONCATENATE(tblSeket[[#This Row],[DistCode]],"-",tblSeket[[#This Row],[scode]]) -> D14-S02 | G73: =Distrik!F18 -> D14 | H73: =VLOOKUP(tblSeket[[#This Row],[DistCode]],tblDistrict[#All],2,FALSE) -> Simbu | I73: S02 | J73: Kagai
F74: =CONCATENATE(tblSeket[[#This Row],[DistCode]],"-",tblSeket[[#This Row],[scode]]) -> D14-S03 | G74: =Distrik!F18 -> D14 | H74: =VLOOKUP(tblSeket[[#This Row],[DistCode]],tblDistrict[#All],2,FALSE) -> Simbu | I74: S03 | J74: Membitamba
F75: =CONCATENATE(tblSeket[[#This Row],[DistCode]],"-",tblSeket[[#This Row],[scode]]) -> D14-S04 | G75: =Distrik!F18 -> D14 | H75: =VLOOKUP(tblSeket[[#This Row],[DistCode]],tblDistrict[#All],2,FALSE) -> Simbu | I75: S04 | J75: Takondo
F76: =CONCATENATE(tblSeket[[#This Row],[DistCode]],"-",tblSeket[[#This Row],[scode]]) -> D14-S05 | G76: =Distrik!F18 -> D14 | H76: =VLOOKUP(tblSeket[[#This Row],[DistCode]],tblDistrict[#All],2,FALSE) -> Simbu | I76: S05 | J76: Ega
F77: =CONCATENATE(tblSeket[[#This Row],[DistCode]],"-",tblSeket[[#This Row],[scode]]) -> D14-S06 | G77: =Distrik!F18 -> D14 | H77: =VLOOKUP(tblSeket[[#This Row],[DistCode]],tblDistrict[#All],2,FALSE) -> Simbu | I77: S06 | J77: Mu
F78: =CONCATENATE(tblSeket[[#This Row],[DistCode]],"-",tblSeket[[#This Row],[scode]]) -> D14-S07 | G78: =Distrik!F18 -> D14 | H78: =VLOOKUP(tblSeket[[#This Row],[DistCode]],tblDistrict[#All],2,FALSE) -> Simbu | I78: S07 | J78: Monono
F79: =CONCATENATE(tblSeket[[#This Row],[DistCode]],"-",tblSeket[[#This Row],[scode]]) -> D14-S08 | G79: =Distrik!F18 -> D14 | H79: =VLOOKUP(tblSeket[[#This Row],[DistCode]],tblDistrict[#All],2,FALSE) -> Simbu | I79: S08 | J79: Keano
F80: =CONCATENATE(tblSeket[[#This Row],[DistCode]],"-",tblSeket[[#This Row],[scode]]) -> D14-S09 | G80: =Distrik!F18 -> D14 | H80: =VLOOKUP(tblSeket[[#This Row],[DistCode]],tblDistrict[#All],2,FALSE) -> Simbu | I80: S09 | J80: Imanuel
F81: =CONCATENATE(tblSeket[[#This Row],[DistCode]],"-",tblSeket[[#This Row],[scode]]) -> D14-S10 | G81: =Distrik!F18 -> D14 | H81: =VLOOKUP(tblSeket[[#This Row],[DistCode]],tblDistrict[#All],2,FALSE) -> Simbu | I81: S10 | J81: Toandong
F82: =CONCATENATE(tblSeket[[#This Row],[DistCode]],"-",tblSeket[[#This Row],[scode]]) -> D14-S11 | G82: =Distrik!F18 -> D14 | H82: =VLOOKUP(tblSeket[[#This Row],[DistCode]],tblDistrict[#All],2,FALSE) -> Simbu | I82: S11 | J82: Kâte/Yabem Memorial
F83: =CONCATENATE(tblSeket[[#This Row],[DistCode]],"-",tblSeket[[#This Row],[scode]]) -> D14-S12 | G83: =Distrik!F18 -> D14 | H83: =VLOOKUP(tblSeket[[#This Row],[DistCode]],tblDistrict[#All],2,FALSE) -> Simbu | I83: S12 | J83: Nulanil
F84: =CONCATENATE(tblSeket[[#This Row],[DistCode]],"-",tblSeket[[#This Row],[scode]]) -> D14-S13 | G84: =Distrik!F18 -> D14 | H84: =VLOOKUP(tblSeket[[#This Row],[DistCode]],tblDistrict[#All],2,FALSE) -> Simbu | I84: S13 | J84: Omkolai
F85: =CONCATENATE(tblSeket[[#This Row],[DistCode]],"-",tblSeket[[#This Row],[scode]]) -> D14-S14 | G85: =Distrik!F18 -> D14 | H85: =VLOOKUP(tblSeket[[#This Row],[DistCode]],tblDistrict[#All],2,FALSE) -> Simbu | I85: S14 | J85: Kelepa
F86: =CONCATENATE(tblSeket[[#This Row],[DistCode]],"-",tblSeket[[#This Row],[scode]]) -> D14-S15 | G86: =Distrik!F18 -> D14 | H86: =VLOOKUP(tblSeket[[#This Row],[DistCode]],tblDistrict[#All],2,FALSE) -> Simbu | I86: S15 | J86: Nomane
F87: =CONCATENATE(tblSeket[[#This Row],[DistCode]],"-",tblSeket[[#This Row],[scode]]) -> D14-S16 | G87: =Distrik!F18 -> D14 | H87: =VLOOKUP(tblSeket[[#This Row],[DistCode]],tblDistrict[#All],2,FALSE) -> Simbu | I87: S16 | J87: Kundiawa Taun
F88: =CONCATENATE(tblSeket[[#This Row],[DistCode]],"-",tblSeket[[#This Row],[scode]]) -> D14-S17 | G88: =Distrik!F18 -> D14 | H88: =VLOOKUP(tblSeket[[#This Row],[DistCode]],tblDistrict[#All],2,FALSE) -> Simbu | I88: S17 | J88: Mul

Sheet Paris
E2: Parish Codes
L3: total rows: | M3: =SUBTOTAL(3,tblParish[parishCode]) -> 354
F4: parishCode | G4: DistCode | H4: disName | I4: sCode | J4: seketCode | K4: seketName | L4: pCode | M4: Paris Name
F5: =CONCATENATE(tblParish[[#This Row],[seketCode]],"-",tblParish[[#This Row],[pCode]]) -> D01-S01-P01 | G5: =Distrik!F$5 -> D01 | H5: =VLOOKUP(tblParish[[#This Row],[DistCode]],tblDistrict[],2,FALSE) -> Kâte | I5: =Seket!I$5 -> S01 | J5: =CONCATENATE(tblParish[[#This Row],[DistCode]],"-",tblParish[[#This Row],[sCode]]) -> D01-S01 | K5: =VLOOKUP(tblParish[[#This Row],[seketCode]],tblSeket[#All],5,FALSE) -> Kalasa | L5: P01 | M5: Amugen
F6: =CONCATENATE(tblParish[[#This Row],[seketCode]],"-",tblParish[[#This Row],[pCode]]) -> D01-S01-P02 | G6: =Distrik!F$5 -> D01 | H6: =VLOOKUP(tblParish[[#This Row],[DistCode]],tblDistrict[],2,FALSE) -> Kâte | I6: =Seket!I$5 -> S01 | J6: =CONCATENATE(tblParish[[#This Row],[DistCode]],"-",tblParish[[#This Row],[sCode]]) -> D01-S01 | K6: =VLOOKUP(tblParish[[#This Row],[seketCode]],tblSeket,5,FALSE) -> #NAME? | L6: P02 | M6: Tigasu
F7: =CONCATENATE(tblParish[[#This Row],[seketCode]],"-",tblParish[[#This Row],[pCode]]) -> D01-S01-P03 | G7: =Distrik!F$5 -> D01 | H7: =VLOOKUP(tblParish[[#This Row],[DistCode]],tblDistrict[],2,FALSE) -> Kâte | I7: =Seket!I$5 -> S01 | J7: =CONCATENATE(tblParish[[#This Row],[DistCode]],"-",tblParish[[#This Row],[sCode]]) -> D01-S01 | K7: =VLOOKUP(tblParish[[#This Row],[seketCode]],tblSeket,5,FALSE) -> #NAME? | L7: P03 | M7: Kanome
B8: =Dashboard!B8 -> District Code Records | F8: =CONCATENATE(tblParish[[#This Row],[seketCode]],"-",tblParish[[#This Row],[pCode]]) -> D01-S01-P04 | G8: =Distrik!F$5 -> D01 | H8: =VLOOKUP(tblParish[[#This Row],[DistCode]],tblDistrict[],2,FALSE) -> Kâte | I8: =Seket!I$5 -> S01 | J8: =CONCATENATE(tblParish[[#This Row],[DistCode]],"-",tblParish[[#This Row],[sCode]]) -> D01-S01 | K8: =VLOOKUP(tblParish[[#This Row],[seketCode]],tblSeket,5,FALSE) -> #NAME? | L8: P04 | M8: Ririwo
B9: =Dashboard!B9 -> as of March 2023 | F9: =CONCATENATE(tblParish[[#This Row],[seketCode]],"-",tblParish[[#This Row],[pCode]]) -> D01-S01-P05 | G9: =Distrik!F$5 -> D01 | H9: =VLOOKUP(tblParish[[#This Row],[DistCode]],tblDistrict[],2,FALSE) -> Kâte | I9: =Seket!I$5 -> S01 | J9: =CONCATENATE(tblParish[[#This Row],[DistCode]],"-",tblParish[[#This Row],[sCode]]) -> D01-S01 | K9: =VLOOKUP(tblParish[[#This Row],[seketCode]],tblSeket,5,FALSE) -> #NAME? | L9: P05 | M9: Gegibo
F10: =CONCATENATE(tblParish[[#This Row],[seketCode]],"-",tblParish[[#This Row],[pCode]]) -> D01-S01-P06 | G10: =Distrik!F$5 -> D01 | H10: =VLOOKUP(tblParish[[#This Row],[DistCode]],tblDistrict[],2,FALSE) -> Kâte | I10: =Seket!I$5 -> S01 | J10: =CONCATENATE(tblParish[[#This Row],[DistCode]],"-",tblParish[[#This Row],[sCode]]) -> D01-S01 | K10: =VLOOKUP(tblParish[[#This Row],[seketCode]],tblSeket,5,FALSE) -> #NAME? | L10: P06 | M10: Gitukia
F11: =CONCATENATE(tblParish[[#This Row],[seketCode]],"-",tblParish[[#This Row],[pCode]]) -> D01-S01-P07 | G11: =Distrik!F$5 -> D01 | H11: =VLOOKUP(tblParish[[#This Row],[DistCode]],tblDistrict[],2,FALSE) -> Kâte | I11: =Seket!I$5 -> S01 | J11: =CONCATENATE(tblParish[[#This Row],[DistCode]],"-",tblParish[[#This Row],[sCode]]) -> D01-S01 | K11: =VLOOKUP(tblParish[[#This Row],[seketCode]],tblSeket,5,FALSE) -> #NAME? | L11: P07 | M11: Botara
B12: District | F12: =CONCATENATE(tblParish[[#This Row],[seketCode]],"-",tblParish[[#This Row],[pCode]]) -> D01-S01-P08 | G12: =Distrik!F$5 -> D01 | H12: =VLOOKUP(tblParish[[#This Row],[DistCode]],tblDistrict[],2,FALSE) -> Kâte | I12: =Seket!I$5 -> S01 | J12: =CONCATENATE(tblParish[[#This Row],[DistCode]],"-",tblParish[[#This Row],[sCode]]) -> D01-S01 | K12: =VLOOKUP(tblParish[[#This Row],[seketCode]],tblSeket,5,FALSE) -> #NAME? | L12: P08 | M12: Tibaki
F13: =CONCATENATE(tblParish[[#This Row],[seketCode]],"-",tblParish[[#This Row],[pCode]]) -> D01-S02-P01 | G13: =Distrik!F$5 -> D01 | H13: =VLOOKUP(tblParish[[#This Row],[DistCode]],tblDistrict[],2,FALSE) -> Kâte | I13: =Seket!I$6 -> S02 | J13: =CONCATENATE(tblParish[[#This Row],[DistCode]],"-",tblParish[[#This Row],[sCode]]) -> D01-S02 | K13: =VLOOKUP(tblParish[[#This Row],[seketCode]],tblSeket,5,FALSE) -> #NAME? | L13: P01 | M13: Yumeng
F14: =CONCATENATE(tblParish[[#This Row],[seketCode]],"-",tblParish[[#This Row],[pCode]]) -> D01-S02-P02 | G14: =Distrik!F$5 -> D01 | H14: =VLOOKUP(tblParish[[#This Row],[DistCode]],tblDistrict[],2,FALSE) -> Kâte | I14: =Seket!I$6 -> S02 | J14: =CONCATENATE(tblParish[[#This Row],[DistCode]],"-",tblParish[[#This Row],[sCode]]) -> D01-S02 | K14: =VLOOKUP(tblParish[[#This Row],[seketCode]],tblSeket,5,FALSE) -> #NAME? | L14: P02 | M14: Munsel
B15: Seket | F15: =CONCATENATE(tblParish[[#This Row],[seketCode]],"-",tblParish[[#This Row],[pCode]]) -> D01-S02-P03 | G15: =Distrik!F$5 -> D01 | H15: =VLOOKUP(tblParish[[#This Row],[DistCode]],tblDistrict[],2,FALSE) -> Kâte | I15: =Seket!I$6 -> S02 | J15: =CONCATENATE(tblParish[[#This Row],[DistCode]],"-",tblParish[[#This Row],[sCode]]) -> D01-S02 | K15: =VLOOKUP(tblParish[[#This Row],[seketCode]],tblSeket,5,FALSE) -> #NAME? | L15: P03 | M15: Masa
F16: =CONCATENATE(tblParish[[#This Row],[seketCode]],"-",tblParish[[#This Row],[pCode]]) -> D01-S02-P04 | G16: =Distrik!F$5 -> D01 | H16: =VLOOKUP(tblParish[[#This Row],[DistCode]],tblDistrict[],2,FALSE) -> Kâte | I16: =Seket!I$6 -> S02 | J16: =CONCATENATE(tblParish[[#This Row],[DistCode]],"-",tblParish[[#This Row],[sCode]]) -> D01-S02 | K16: =VLOOKUP(tblParish[[#This Row],[seketCode]],tblSeket,5,FALSE) -> #NAME? | L16: P04 | M16: Yasire
F17: =CONCATENATE(tblParish[[#This Row],[seketCode]],"-",tblParish[[#This Row],[pCode]]) -> D01-S02-P05 | G17: =Distrik!F$5 -> D01 | H17: =VLOOKUP(tblParish[[#This Row],[DistCode]],tblDistrict[],2,FALSE) -> Kâte | I17: =Seket!I$6 -> S02 | J17: =CONCATENATE(tblParish[[#This Row],[DistCode]],"-",tblParish[[#This Row],[sCode]]) -> D01-S02 | K17: =VLOOKUP(tblParish[[#This Row],[seketCode]],tblSeket,5,FALSE) -> #NAME? | L17: P05 | M17: Koyoza
B18: Parish | F18: =CONCATENATE(tblParish[[#This Row],[seketCode]],"-",tblParish[[#This Row],[pCode]]) -> D01-S02-P06 | G18: =Distrik!F$5 -> D01 | H18: =VLOOKUP(tblParish[[#This Row],[DistCode]],tblDistrict[],2,FALSE) -> Kâte | I18: =Seket!I$6 -> S02 | J18: =CONCATENATE(tblParish[[#This Row],[DistCode]],"-",tblParish[[#This Row],[sCode]]) -> D01-S02 | K18: =VLOOKUP(tblParish[[#This Row],[seketCode]],tblSeket,5,FALSE) -> #NAME? | L18: P06 | M18: Zazozo
F19: =CONCATENATE(tblParish[[#This Row],[seketCode]],"-",tblParish[[#This Row],[pCode]]) -> D01-S02-P07 | G19: =Distrik!F$5 -> D01 | H19: =VLOOKUP(tblParish[[#This Row],[DistCode]],tblDistrict[],2,FALSE) -> Kâte | I19: =Seket!I$6 -> S02 | J19: =CONCATENATE(tblParish[[#This Row],[DistCode]],"-",tblParish[[#This Row],[sCode]]) -> D01-S02 | K19: =VLOOKUP(tblParish[[#This Row],[seketCode]],tblSeket,5,FALSE) -> #NAME? | L19: P07 | M19: Huwago
F20: =CONCATENATE(tblParish[[#This Row],[seketCode]],"-",tblParish[[#This Row],[pCode]]) -> D01-S03-P01 | G20: =Distrik!F$5 -> D01 | H20: =VLOOKUP(tblParish[[#This Row],[DistCode]],tblDistrict[],2,FALSE) -> Kâte | I20: =Seket!I$7 -> S03 | J20: =CONCATENATE(tblParish[[#This Row],[DistCode]],"-",tblParish[[#This Row],[sCode]]) -> D01-S03 | K20: =VLOOKUP(tblParish[[#This Row],[seketCode]],tblSeket,5,FALSE) -> #NAME? | L20: P01 | M20: Efa
B21: Congregation | F21: =CONCATENATE(tblParish[[#This Row],[seketCode]],"-",tblParish[[#This Row],[pCode]]) -> D01-S03-P02 | G21: =Distrik!F$5 -> D01 | H21: =VLOOKUP(tblParish[[#This Row],[DistCode]],tblDistrict[],2,FALSE) -> Kâte | I21: =Seket!I$7 -> S03 | J21: =CONCATENATE(tblParish[[#This Row],[DistCode]],"-",tblParish[[#This Row],[sCode]]) -> D01-S03 | K21: =VLOOKUP(tblParish[[#This Row],[seketCode]],tblSeket,5,FALSE) -> #NAME? | L21: P02 | M21: Bomaza
F22: =CONCATENATE(tblParish[[#This Row],[seketCode]],"-",tblParish[[#This Row],[pCode]]) -> D01-S03-P03 | G22: =Distrik!F$5 -> D01 | H22: =VLOOKUP(tblParish[[#This Row],[DistCode]],tblDistrict[],2,FALSE) -> Kâte | I22: =Seket!I$7 -> S03 | J22: =CONCATENATE(tblParish[[#This Row],[DistCode]],"-",tblParish[[#This Row],[sCode]]) -> D01-S03 | K22: =VLOOKUP(tblParish[[#This Row],[seketCode]],tblSeket,5,FALSE) -> #NAME? | L22: P03 | M22: Zukiba
F23: =CONCATENATE(tblParish[[#This Row],[seketCode]],"-",tblParish[[#This Row],[pCode]]) -> D01-S03-P04 | G23: =Distrik!F$5 -> D01 | H23: =VLOOKUP(tblParish[[#This Row],[DistCode]],tblDistrict[],2,FALSE) -> Kâte | I23: =Seket!I$7 -> S03 | J23: =CONCATENATE(tblParish[[#This Row],[DistCode]],"-",tblParish[[#This Row],[sCode]]) -> D01-S03 | K23: =VLOOKUP(tblParish[[#This Row],[seketCode]],tblSeket,5,FALSE) -> #NAME? | L23: P04 | M23: Fosama
B24: Summary | F24: =CONCATENATE(tblParish[[#This Row],[seketCode]],"-",tblParish[[#This Row],[pCode]]) -> D01-S03-P05 | G24: =Distrik!F$5 -> D01 | H24: =VLOOKUP(tblParish[[#This Row],[DistCode]],tblDistrict[],2,FALSE) -> Kâte | I24: =Seket!I$7 -> S03 | J24: =CONCATENATE(tblParish[[#This Row],[DistCode]],"-",tblParish[[#This Row],[sCode]]) -> D01-S03 | K24: =VLOOKUP(tblParish[[#This Row],[seketCode]],tblSeket,5,FALSE) -> #NAME? | L24: P05 | M24: Agororo
F25: =CONCATENATE(tblParish[[#This Row],[seketCode]],"-",tblParish[[#This Row],[pCode]]) -> D01-S03-P06 | G25: =Distrik!F$5 -> D01 | H25: =VLOOKUP(tblParish[[#This Row],[DistCode]],tblDistrict[],2,FALSE) -> Kâte | I25: =Seket!I$7 -> S03 | J25: =CONCATENATE(tblParish[[#This Row],[DistCode]],"-",tblParish[[#This Row],[sCode]]) -> D01-S03 | K25: =VLOOKUP(tblParish[[#This Row],[seketCode]],tblSeket,5,FALSE) -> #NAME? | L25: P06 | M25: Sasibona
F26: =CONCATENATE(tblParish[[#This Row],[seketCode]],"-",tblParish[[#This Row],[pCode]]) -> D01-S03-P07 | G26: =Distrik!F$5 -> D01 | H26: =VLOOKUP(tblParish[[#This Row],[DistCode]],tblDistrict[],2,FALSE) -> Kâte | I26: =Seket!I$7 -> S03 | J26: =CONCATENATE(tblParish[[#This Row],[DistCode]],"-",tblParish[[#This Row],[sCode]]) -> D01-S03 | K26: =VLOOKUP(tblParish[[#This Row],[seketCode]],tblSeket,5,FALSE) -> #NAME? | L26: P07 | M26: Wemo
F27: =CONCATENATE(tblParish[[#This Row],[seketCode]],"-",tblParish[[#This Row],[pCode]]) -> D01-S03-P08 | G27: =Distrik!F$5 -> D01 | H27: =VLOOKUP(tblParish[[#This Row],[DistCode]],tblDistrict[],2,FALSE) -> Kâte | I27: =Seket!I$7 -> S03 | J27: =CONCATENATE(tblParish[[#This Row],[DistCode]],"-",tblParish[[#This Row],[sCode]]) -> D01-S03 | K27: =VLOOKUP(tblParish[[#This Row],[seketCode]],tblSeket,5,FALSE) -> #NAME? | L27: P08 | M27: Kitaka
F28: =CONCATENATE(tblParish[[#This Row],[seketCode]],"-",tblParish[[#This Row],[pCode]]) -> D01-S03-P09 | G28: =Distrik!F$5 -> D01 | H28: =VLOOKUP(tblParish[[#This Row],[DistCode]],tblDistrict[],2,FALSE) -> Kâte | I28: =Seket!I$7 -> S03 | J28: =CONCATENATE(tblParish[[#This Row],[DistCode]],"-",tblParish[[#This Row],[sCode]]) -> D01-S03 | K28: =VLOOKUP(tblParish[[#This Row],[seketCode]],tblSeket,5,FALSE) -> #NAME? | L28: P09 | M28: Keregia
F29: =CONCATENATE(tblParish[[#This Row],[seketCode]],"-",tblParish[[#This Row],[pCode]]) -> D01-S03-P10 | G29: =Distrik!F$5 -> D01 | H29: =VLOOKUP(tblParish[[#This Row],[DistCode]],tblDistrict[],2,FALSE) -> Kâte | I29: =Seket!I$7 -> S03 | J29: =CONCATENATE(tblParish[[#This Row],[DistCode]],"-",tblParish[[#This Row],[sCode]]) -> D01-S03 | K29: =VLOOKUP(tblParish[[#This Row],[seketCode]],tblSeket,5,FALSE) -> #NAME? | L29: P10 | M29: Wandokai
F30: =CONCATENATE(tblParish[[#This Row],[seketCode]],"-",tblParish[[#This Row],[pCode]]) -> D01-S03-P11 | G30: =Distrik!F$5 -> D01 | H30: =VLOOKUP(tblParish[[#This Row],[DistCode]],tblDistrict[],2,FALSE) -> Kâte | I30: =Seket!I$7 -> S03 | J30: =CONCATENATE(tblParish[[#This Row],[DistCode]],"-",tblParish[[#This Row],[sCode]]) -> D01-S03 | K30: =VLOOKUP(tblParish[[#This Row],[seketCode]],tblSeket,5,FALSE) -> #NAME? | L30: P11 | M30: Wareo
F31: =CONCATENATE(tblParish[[#This Row],[seketCode]],"-",tblParish[[#This Row],[pCode]]) -> D01-S03-P12 | G31: =Distrik!F$5 -> D01 | H31: =VLOOKUP(tblParish[[#This Row],[DistCode]],tblDistrict[],2,FALSE) -> Kâte | I31: =Seket!I$7 -> S03 | J31: =CONCATENATE(tblParish[[#This Row],[DistCode]],"-",tblParish[[#This Row],[sCode]]) -> D01-S03 | K31: =VLOOKUP(tblParish[[#This Row],[seketCode]],tblSeket,5,FALSE) -> #NAME? | L31: P12 | M31: Zamesa
F32: =CONCATENATE(tblParish[[#This Row],[seketCode]],"-",tblParish[[#This Row],[pCode]]) -> D01-S04-P01 | G32: =Distrik!F$5 -> D01 | H32: =VLOOKUP(tblParish[[#This Row],[DistCode]],tblDistrict[],2,FALSE) -> Kâte | I32: =Seket!I$8 -> S04 | J32: =CONCATENATE(tblParish[[#This Row],[DistCode]],"-",tblParish[[#This Row],[sCode]]) -> D01-S04 | K32: =VLOOKUP(tblParish[[#This Row],[seketCode]],tblSeket,5,FALSE) -> #NAME? | L32: P01 | M32: Guramoti
F33: =CONCATENATE(tblParish[[#This Row],[seketCode]],"-",tblParish[[#This Row],[pCode]]) -> D01-S04-P02 | G33: =Distrik!F$5 -> D01 | H33: =VLOOKUP(tblParish[[#This Row],[DistCode]],tblDistrict[],2,FALSE) -> Kâte | I33: =Seket!I$8 -> S04 | J33: =CONCATENATE(tblParish[[#This Row],[DistCode]],"-",tblParish[[#This Row],[sCode]]) -> D01-S04 | K33: =VLOOKUP(tblParish[[#This Row],[seketCode]],tblSeket,5,FALSE) -> #NAME? | L33: P02 | M33: Hamaka
F34: =CONCATENATE(tblParish[[#This Row],[seketCode]],"-",tblParish[[#This Row],[pCode]]) -> D01-S04-P03 | G34: =Distrik!F$5 -> D01 | H34: =VLOOKUP(tblParish[[#This Row],[DistCode]],tblDistrict[],2,FALSE) -> Kâte | I34: =Seket!I$8 -> S04 | J34: =CONCATENATE(tblParish[[#This Row],[DistCode]],"-",tblParish[[#This Row],[sCode]]) -> D01-S04 | K34: =VLOOKUP(tblParish[[#This Row],[seketCode]],tblSeket,5,FALSE) -> #NAME? | L34: P03 | M34: Babuso
F35: =CONCATENATE(tblParish[[#This Row],[seketCode]],"-",tblParish[[#This Row],[pCode]]) -> D01-S05-P01 | G35: =Distrik!F$5 -> D01 | H35: =VLOOKUP(tblParish[[#This Row],[DistCode]],tblDistrict[],2,FALSE) -> Kâte | I35: =Seket!I$9 -> S05 | J35: =CONCATENATE(tblParish[[#This Row],[DistCode]],"-",tblParish[[#This Row],[sCode]]) -> D01-S05 | K35: =VLOOKUP(tblParish[[#This Row],[seketCode]],tblSeket,5,FALSE) -> #NAME? | L35: P01 | M35: Kulungtufu
F36: =CONCATENATE(tblParish[[#This Row],[seketCode]],"-",tblParish[[#This Row],[pCode]]) -> D01-S05-P02 | G36: =Distrik!F$5 -> D01 | H36: =VLOOKUP(tblParish[[#This Row],[DistCode]],tblDistrict[],2,FALSE) -> Kâte | I36: =Seket!I$9 -> S05 | J36: =CONCATENATE(tblParish[[#This Row],[DistCode]],"-",tblParish[[#This Row],[sCode]]) -> D01-S05 | K36: =VLOOKUP(tblParish[[#This Row],[seketCode]],tblSeket,5,FALSE) -> #NAME? | L36: P02 | M36: Joangeng
F37: =CONCATENATE(tblParish[[#This Row],[seketCode]],"-",tblParish[[#This Row],[pCode]]) -> D01-S05-P03 | G37: =Distrik!F$5 -> D01 | H37: =VLOOKUP(tblParish[[#This Row],[DistCode]],tblDistrict[],2,FALSE) -> Kâte | I37: =Seket!I$9 -> S05 | J37: =CONCATENATE(tblParish[[#This Row],[DistCode]],"-",tblParish[[#This Row],[sCode]]) -> D01-S05 | K37: =VLOOKUP(tblParish[[#This Row],[seketCode]],tblSeket,5,FALSE) -> #NAME? | L37: P03 | M37: Kuma
F38: =CONCATENATE(tblParish[[#This Row],[seketCode]],"-",tblParish[[#This Row],[pCode]]) -> D01-S05-P04 | G38: =Distrik!F$5 -> D01 | H38: =VLOOKUP(tblParish[[#This Row],[DistCode]],tblDistrict[],2,FALSE) -> Kâte | I38: =Seket!I$9 -> S05 | J38: =CONCATENATE(tblParish[[#This Row],[DistCode]],"-",tblParish[[#This Row],[sCode]]) -> D01-S05 | K38: =VLOOKUP(tblParish[[#This Row],[seketCode]],tblSeket,5,FALSE) -> #NAME? | L38: P04 | M38: Dopi
F39: =CONCATENATE(tblParish[[#This Row],[seketCode]],"-",tblParish[[#This Row],[pCode]]) -> D01-S05-P05 | G39: =Distrik!F$5 -> D01 | H39: =VLOOKUP(tblParish[[#This Row],[DistCode]],tblDistrict[],2,FALSE) -> Kâte | I39: =Seket!I$9 -> S05 | J39: =CONCATENATE(tblParish[[#This Row],[DistCode]],"-",tblParish[[#This Row],[sCode]]) -> D01-S05 | K39: =VLOOKUP(tblParish[[#This Row],[seketCode]],tblSeket,5,FALSE) -> #NAME? | L39: P05 | M39: Foria
F40: =CONCATENATE(tblParish[[#This Row],[seketCode]],"-",tblParish[[#This Row],[pCode]]) -> D01-S05-P06 | G40: =Distrik!F$5 -> D01 | H40: =VLOOKUP(tblParish[[#This Row],[DistCode]],tblDistrict[],2,FALSE) -> Kâte | I40: =Seket!I$9 -> S05 | J40: =CONCATENATE(tblParish[[#This Row],[DistCode]],"-",tblParish[[#This Row],[sCode]]) -> D01-S05 | K40: =VLOOKUP(tblParish[[#This Row],[seketCode]],tblSeket,5,FALSE) -> #NAME? | L40: P06 | M40: Ebabang
F41: =CONCATENATE(tblParish[[#This Row],[seketCode]],"-",tblParish[[#This Row],[pCode]]) -> D01-S05-P07 | G41: =Distrik!F$5 -> D01 | H41: =VLOOKUP(tblParish[[#This Row],[DistCode]],tblDistrict[],2,FALSE) -> Kâte | I41: =Seket!I$9 -> S05 | J41: =CONCATENATE(tblParish[[#This Row],[DistCode]],"-",tblParish[[#This Row],[sCode]]) -> D01-S05 | K41: =VLOOKUP(tblParish[[#This Row],[seketCode]],tblSeket,5,FALSE) -> #NAME? | L41: P07 | M41: Jowacnuc
F42: =CONCATENATE(tblParish[[#This Row],[seketCode]],"-",tblParish[[#This Row],[pCode]]) -> D01-S05-P08 | G42: =Distrik!F$5 -> D01 | H42: =VLOOKUP(tblParish[[#This Row],[DistCode]],tblDistrict[],2,FALSE) -> Kâte | I42: =Seket!I$9 -> S05 | J42: =CONCATENATE(tblParish[[#This Row],[DistCode]],"-",tblParish[[#This Row],[sCode]]) -> D01-S05 | K42: =VLOOKUP(tblParish[[#This Row],[seketCode]],tblSeket,5,FALSE) -> #NAME? | L42: P08 | M42: Lalang
F43: =CONCATENATE(tblParish[[#This Row],[seketCode]],"-",tblParish[[#This Row],[pCode]]) -> D01-S05-P09 | G43: =Distrik!F$5 -> D01 | H43: =VLOOKUP(tblParish[[#This Row],[DistCode]],tblDistrict[],2,FALSE) -> Kâte | I43: =Seket!I$9 -> S05 | J43: =CONCATENATE(tblParish[[#This Row],[DistCode]],"-",tblParish[[#This Row],[sCode]]) -> D01-S05 | K43: =VLOOKUP(tblParish[[#This Row],[seketCode]],tblSeket,5,FALSE) -> #NAME? | L43: P09 | M43: Siri
F44: =CONCATENATE(tblParish[[#This Row],[seketCode]],"-",tblParish[[#This Row],[pCode]]) -> D01-S05-P10 | G44: =Distrik!F$5 -> D01 | H44: =VLOOKUP(tblParish[[#This Row],[DistCode]],tblDistrict[],2,FALSE) -> Kâte | I44: =Seket!I$9 -> S05 | J44: =CONCATENATE(tblParish[[#This Row],[DistCode]],"-",tblParish[[#This Row],[sCode]]) -> D01-S05 | K44: =VLOOKUP(tblParish[[#This Row],[seketCode]],tblSeket,5,FALSE) -> #NAME? | L44: P10 | M44: Tobou
F45: =CONCATENATE(tblParish[[#This Row],[seketCode]],"-",tblParish[[#This Row],[pCode]]) -> D01-S05-P11 | G45: =Distrik!F$5 -> D01 | H45: =VLOOKUP(tblParish[[#This Row],[DistCode]],tblDistrict[],2,FALSE) -> Kâte | I45: =Seket!I$9 -> S05 | J45: =CONCATENATE(tblParish[[#This Row],[DistCode]],"-",tblParish[[#This Row],[sCode]]) -> D01-S05 | K45: =VLOOKUP(tblParish[[#This Row],[seketCode]],tblSeket,5,FALSE) -> #NAME? | L45: P11 | M45: Wengai
F46: =CONCATENATE(tblParish[[#This Row],[seketCode]],"-",tblParish[[#This Row],[pCode]]) -> D01-S06-P01 | G46: =Distrik!F$5 -> D01 | H46: =VLOOKUP(tblParish[[#This Row],[DistCode]],tblDistrict[],2,FALSE) -> Kâte | I46: =Seket!I$10 -> S06 | J46: =CONCATENATE(tblParish[[#This Row],[DistCode]],"-",tblParish[[#This Row],[sCode]]) -> D01-S06 | K46: =VLOOKUP(tblParish[[#This Row],[seketCode]],tblSeket,5,FALSE) -> #NAME? | L46: P01 | M46: Gang
F47: =CONCATENATE(tblParish[[#This Row],[seketCode]],"-",tblParish[[#This Row],[pCode]]) -> D01-S06-P02 | G47: =Distrik!F$5 -> D01 | H47: =VLOOKUP(tblParish[[#This Row],[DistCode]],tblDistrict[],2,FALSE) -> Kâte | I47: =Seket!I$10 -> S06 | J47: =CONCATENATE(tblParish[[#This Row],[DistCode]],"-",tblParish[[#This Row],[sCode]]) -> D01-S06 | K47: =VLOOKUP(tblParish[[#This Row],[seketCode]],tblSeket,5,FALSE) -> #NAME? | L47: P02 | M47: Buze
F48: =CONCATENATE(tblParish[[#This Row],[seketCode]],"-",tblParish[[#This Row],[pCode]]) -> D01-S06-P03 | G48: =Distrik!F$5 -> D01 | H48: =VLOOKUP(tblParish[[#This Row],[DistCode]],tblDistrict[],2,FALSE) -> Kâte | I48: =Seket!I$10 -> S06 | J48: =CONCATENATE(tblParish[[#This Row],[DistCode]],"-",tblParish[[#This Row],[sCode]]) -> D01-S06 | K48: =VLOOKUP(tblParish[[#This Row],[seketCode]],tblSeket,5,FALSE) -> #NAME? | L48: P03 | M48: Sagiro
F49: =CONCATENATE(tblParish[[#This Row],[seketCode]],"-",tblParish[[#This Row],[pCode]]) -> D01-S06-P04 | G49: =Distrik!F$5 -> D01 | H49: =VLOOKUP(tblParish[[#This Row],[DistCode]],tblDistrict[],2,FALSE) -> Kâte | I49: =Seket!I$10 -> S06 | J49: =CONCATENATE(tblParish[[#This Row],[DistCode]],"-",tblParish[[#This Row],[sCode]]) -> D01-S06 | K49: =VLOOKUP(tblParish[[#This Row],[seketCode]],tblSeket,5,FALSE) -> #NAME? | L49: P04 | M49: Kemaip
F50: =CONCATENATE(tblParish[[#This Row],[seketCode]],"-",tblParish[[#This Row],[pCode]]) -> D01-S06-P05 | G50: =Distrik!F$5 -> D01 | H50: =VLOOKUP(tblParish[[#This Row],[DistCode]],tblDistrict[],2,FALSE) -> Kâte | I50: =Seket!I$10 -> S06 | J50: =CONCATENATE(tblParish[[#This Row],[DistCode]],"-",tblParish[[#This Row],[sCode]]) -> D01-S06 | K50: =VLOOKUP(tblParish[[#This Row],[seketCode]],tblSeket,5,FALSE) -> #NAME? | L50: P05 | M50: Batoneng
F51: =CONCATENATE(tblParish[[#This Row],[seketCode]],"-",tblParish[[#This Row],[pCode]]) -> D01-S07-P01 | G51: =Distrik!F$5 -> D01 | H51: =VLOOKUP(tblParish[[#This Row],[DistCode]],tblDistrict[],2,FALSE) -> Kâte | I51: =Seket!I$11 -> S07 | J51: =CONCATENATE(tblParish[[#This Row],[DistCode]],"-",tblParish[[#This Row],[sCode]]) -> D01-S07 | K51: =VLOOKUP(tblParish[[#This Row],[seketCode]],tblSeket,5,FALSE) -> #NAME? | L51: P01 | M51: Zamai
F52: =CONCATENATE(tblParish[[#This Row],[seketCode]],"-",tblParish[[#This Row],[pCode]]) -> D01-S07-P02 | G52: =Distrik!F$5 -> D01 | H52: =VLOOKUP(tblParish[[#This Row],[DistCode]],tblDistrict[],2,FALSE) -> Kâte | I52: =Seket!I$11 -> S07 | J52: =CONCATENATE(tblParish[[#This Row],[DistCode]],"-",tblParish[[#This Row],[sCode]]) -> D01-S07 | K52: =VLOOKUP(tblParish[[#This Row],[seketCode]],tblSeket,5,FALSE) -> #NAME? | L52: P02 | M52: Oga
F53: =CONCATENATE(tblParish[[#This Row],[seketCode]],"-",tblParish[[#This Row],[pCode]]) -> D01-S07-P03 | G53: =Distrik!F$5 -> D01 | H53: =VLOOKUP(tblParish[[#This Row],[DistCode]],tblDistrict[],2,FALSE) -> Kâte | I53: =Seket!I$11 -> S07 | J53: =CONCATENATE(tblParish[[#This Row],[DistCode]],"-",tblParish[[#This Row],[sCode]]) -> D01-S07 | K53: =VLOOKUP(tblParish[[#This Row],[seketCode]],tblSeket,5,FALSE) -> #NAME? | L53: P03 | M53: Jekora
F54: =CONCATENATE(tblParish[[#This Row],[seketCode]],"-",tblParish[[#This Row],[pCode]]) -> D01-S07-P04 | G54: =Distrik!F$5 -> D01 | H54: =VLOOKUP(tblParish[[#This Row],[DistCode]],tblDistrict[],2,FALSE) -> Kâte | I54: =Seket!I$11 -> S07 | J54: =CONCATENATE(tblParish[[#This Row],[DistCode]],"-",tblParish[[#This Row],[sCode]]) -> D01-S07 | K54: =VLOOKUP(tblParish[[#This Row],[seketCode]],tblSeket,5,FALSE) -> #NAME? | L54: P04 | M54: Kwuabaso
F55: =CONCATENATE(tblParish[[#This Row],[seketCode]],"-",tblParish[[#This Row],[pCode]]) -> D01-S07-P05 | G55: =Distrik!F$5 -> D01 | H55: =VLOOKUP(tblParish[[#This Row],[DistCode]],tblDistrict[],2,FALSE) -> Kâte | I55: =Seket!I$11 -> S07 | J55: =CONCATENATE(tblParish[[#This Row],[DistCode]],"-",tblParish[[#This Row],[sCode]]) -> D01-S07 | K55: =VLOOKUP(tblParish[[#This Row],[seketCode]],tblSeket,5,FALSE) -> #NAME? | L55: P05 | M55: Sado
F56: =CONCATENATE(tblParish[[#This Row],[seketCode]],"-",tblParish[[#This Row],[pCode]]) -> D01-S07-P06 | G56: =Distrik!F$5 -> D01 | H56: =VLOOKUP(tblParish[[#This Row],[DistCode]],tblDistrict[],2,FALSE) -> Kâte | I56: =Seket!I$11 -> S07 | J56: =CONCATENATE(tblParish[[#This Row],[DistCode]],"-",tblParish[[#This Row],[sCode]]) -> D01-S07 | K56: =VLOOKUP(tblParish[[#This Row],[seketCode]],tblSeket,5,FALSE) -> #NAME? | L56: P06 | M56: Duka
F57: =CONCATENATE(tblParish[[#This Row],[seketCode]],"-",tblParish[[#This Row],[pCode]]) -> D01-S07-P07 | G57: =Distrik!F$5 -> D01 | H57: =VLOOKUP(tblParish[[#This Row],[DistCode]],tblDistrict[],2,FALSE) -> Kâte | I57: =Seket!I$11 -> S07 | J57: =CONCATENATE(tblParish[[#This Row],[DistCode]],"-",tblParish[[#This Row],[sCode]]) -> D01-S07 | K57: =VLOOKUP(tblParish[[#This Row],[seketCode]],tblSeket,5,FALSE) -> #NAME? | L57: P07 | M57: Nange
F58: =CONCATENATE(tblParish[[#This Row],[seketCode]],"-",tblParish[[#This Row],[pCode]]) -> D01-S08-P01 | G58: =Distrik!F$5 -> D01 | H58: =VLOOKUP(tblParish[[#This Row],[DistCode]],tblDistrict[],2,FALSE) -> Kâte | I58: =Seket!I$12 -> S08 | J58: =CONCATENATE(tblParish[[#This Row],[DistCode]],"-",tblParish[[#This Row],[sCode]]) -> D01-S08 | K58: =VLOOKUP(tblParish[[#This Row],[seketCode]],tblSeket,5,FALSE) -> #NAME? | L58: P01 | M58: Biangai
F59: =CONCATENATE(tblParish[[#This Row],[seketCode]],"-",tblParish[[#This Row],[pCode]]) -> D01-S08-P02 | G59: =Distrik!F$5 -> D01 | H59: =VLOOKUP(tblParish[[#This Row],[DistCode]],tblDistrict[],2,FALSE) -> Kâte | I59: =Seket!I$12 -> S08 | J59: =CONCATENATE(tblParish[[#This Row],[DistCode]],"-",tblParish[[#This Row],[sCode]]) -> D01-S08 | K59: =VLOOKUP(tblParish[[#This Row],[seketCode]],tblSeket,5,FALSE) -> #NAME? | L59: P02 | M59: Biaru
F60: =CONCATENATE(tblParish[[#This Row],[seketCode]],"-",tblParish[[#This Row],[pCode]]) -> D01-S08-P03 | G60: =Distrik!F$5 -> D01 | H60: =VLOOKUP(tblParish[[#This Row],[DistCode]],tblDistrict[],2,FALSE) -> Kâte | I60: =Seket!I$12 -> S08 | J60: =CONCATENATE(tblParish[[#This Row],[DistCode]],"-",tblParish[[#This Row],[sCode]]) -> D01-S08 | K60: =VLOOKUP(tblParish[[#This Row],[seketCode]],tblSeket,5,FALSE) -> #NAME? | L60: P03 | M60: Waria
F61: =CONCATENATE(tblParish[[#This Row],[seketCode]],"-",tblParish[[#This Row],[pCode]]) -> D01-S08-P04 | G61: =Distrik!F$5 -> D01 | H61: =VLOOKUP(tblParish[[#This Row],[DistCode]],tblDistrict[],2,FALSE) -> Kâte | I61: =Seket!I$12 -> S08 | J61: =CONCATENATE(tblParish[[#This Row],[DistCode]],"-",tblParish[[#This Row],[sCode]]) -> D01-S08 | K61: =VLOOKUP(tblParish[[#This Row],[seketCode]],tblSeket,5,FALSE) -> #NAME? | L61: P04 | M61: Ono
F62: =CONCATENATE(tblParish[[#This Row],[seketCode]],"-",tblParish[[#This Row],[pCode]]) -> D01-S08-P05 | G62: =Distrik!F$5 -> D01 | H62: =VLOOKUP(tblParish[[#This Row],[DistCode]],tblDistrict[],2,FALSE) -> Kâte | I62: =Seket!I$12 -> S08 | J62: =CONCATENATE(tblParish[[#This Row],[DistCode]],"-",tblParish[[#This Row],[sCode]]) -> D01-S08 | K62: =VLOOKUP(tblParish[[#This Row],[seketCode]],tblSeket,5,FALSE) -> #NAME? | L62: P05 | M62: Bubu
F63: =CONCATENATE(tblParish[[#This Row],[seketCode]],"-",tblParish[[#This Row],[pCode]]) -> D01-S08-P06 | G63: =Distrik!F$5 -> D01 | H63: =VLOOKUP(tblParish[[#This Row],[DistCode]],tblDistrict[],2,FALSE) -> Kâte | I63: =Seket!I$12 -> S08 | J63: =CONCATENATE(tblParish[[#This Row],[DistCode]],"-",tblParish[[#This Row],[sCode]]) -> D01-S08 | K63: =VLOOKUP(tblParish[[#This Row],[seketCode]],tblSeket,5,FALSE) -> #NAME? | L63: P06 | M63: Guhusamane
F64: =CONCATENATE(tblParish[[#This Row],[seketCode]],"-",tblParish[[#This Row],[pCode]]) -> D02-S01-P01 | G64: =Distrik!F$6 -> D02 | H64: =VLOOKUP(tblParish[[#This Row],[DistCode]],tblDistrict[],2,FALSE) -> Jabem | I64: =Seket!I$13 -> S01 | J64: =CONCATENATE(tblParish[[#This Row],[DistCode]],"-",tblParish[[#This Row],[sCode]]) -> D02-S01 | K64: =VLOOKUP(tblParish[[#This Row],[seketCode]],tblSeket,5,FALSE) -> #NAME? | L64: P01 | M64: Di Kapu
F65: =CONCATENATE(tblParish[[#This Row],[seketCode]],"-",tblParish[[#This Row],[pCode]]) -> D02-S01-P02 | G65: =Distrik!F$6 -> D02 | H65: =VLOOKUP(tblParish[[#This Row],[DistCode]],tblDistrict[],2,FALSE) -> Jabem | I65: =Seket!I$13 -> S01 | J65: =CONCATENATE(tblParish[[#This Row],[DistCode]],"-",tblParish[[#This Row],[sCode]]) -> D02-S01 | K65: =VLOOKUP(tblParish[[#This Row],[seketCode]],tblSeket,5,FALSE) -> #NAME? | L65: P02 | M65: Kapu
F66: =CONCATENATE(tblParish[[#This Row],[seketCode]],"-",tblParish[[#This Row],[pCode]]) -> D02-S01-P03 | G66: =Distrik!F$6 -> D02 | H66: =VLOOKUP(tblParish[[#This Row],[DistCode]],tblDistrict[],2,FALSE) -> Jabem | I66: =Seket!I$13 -> S01 | J66: =CONCATENATE(tblParish[[#This Row],[DistCode]],"-",tblParish[[#This Row],[sCode]]) -> D02-S01 | K66: =VLOOKUP(tblParish[[#This Row],[seketCode]],tblSeket,5,FALSE) -> #NAME? | L66: P03 | M66: Wayona
F67: =CONCATENATE(tblParish[[#This Row],[seketCode]],"-",tblParish[[#This Row],[pCode]]) -> D02-S01-P04 | G67: =Distrik!F$6 -> D02 | H67: =VLOOKUP(tblParish[[#This Row],[DistCode]],tblDistrict[],2,FALSE) -> Jabem | I67: =Seket!I$13 -> S01 | J67: =CONCATENATE(tblParish[[#This Row],[DistCode]],"-",tblParish[[#This Row],[sCode]]) -> D02-S01 | K67: =VLOOKUP(tblParish[[#This Row],[seketCode]],tblSeket,5,FALSE) -> #NAME? | L67: P04 | M67: Kapao
F68: =CONCATENATE(tblParish[[#This Row],[seketCode]],"-",tblParish[[#This Row],[pCode]]) -> D02-S01-P05 | G68: =Distrik!F$6 -> D02 | H68: =VLOOKUP(tblParish[[#This Row],[DistCode]],tblDistrict[],2,FALSE) -> Jabem | I68: =Seket!I$13 -> S01 | J68: =CONCATENATE(tblParish[[#This Row],[DistCode]],"-",tblParish[[#This Row],[sCode]]) -> D02-S01 | K68: =VLOOKUP(tblParish[[#This Row],[seketCode]],tblSeket,5,FALSE) -> #NAME? | L68: P05 | M68: Aiya
F69: =CONCATENATE(tblParish[[#This Row],[seketCode]],"-",tblParish[[#This Row],[pCode]]) -> D02-S01-P06 | G69: =Distrik!F$6 -> D02 | H69: =VLOOKUP(tblParish[[#This Row],[DistCode]],tblDistrict[],2,FALSE) -> Jabem | I69: =Seket!I$13 -> S01 | J69: =CONCATENATE(tblParish[[#This Row],[DistCode]],"-",tblParish[[#This Row],[sCode]]) -> D02-S01 | K69: =VLOOKUP(tblParish[[#This Row],[seketCode]],tblSeket,5,FALSE) -> #NAME? | L69: P06 | M69: Pouyu
F70: =CONCATENATE(tblParish[[#This Row],[seketCode]],"-",tblParish[[#This Row],[pCode]]) -> D02-S01-P07 | G70: =Distrik!F$6 -> D02 | H70: =VLOOKUP(tblParish[[#This Row],[DistCode]],tblDistrict[],2,FALSE) -> Jabem | I70: =Seket!I$13 -> S01 | J70: =CONCATENATE(tblParish[[#This Row],[DistCode]],"-",tblParish[[#This Row],[sCode]]) -> D02-S01 | K70: =VLOOKUP(tblParish[[#This Row],[seketCode]],tblSeket,5,FALSE) -> #NAME? | L70: P07 | M70: Tawa
F71: =CONCATENATE(tblParish[[#This Row],[seketCode]],"-",tblParish[[#This Row],[pCode]]) -> D02-S02-P01 | G71: =Distrik!F$6 -> D02 | H71: =VLOOKUP(tblParish[[#This Row],[DistCode]],tblDistrict[],2,FALSE) -> Jabem | I71: =Seket!I$14 -> S02 | J71: =CONCATENATE(tblParish[[#This Row],[DistCode]],"-",tblParish[[#This Row],[sCode]]) -> D02-S02 | K71: =VLOOKUP(tblParish[[#This Row],[seketCode]],tblSeket,5,FALSE) -> #NAME? | L71: P01 | M71: Kaparkona
F72: =CONCATENATE(tblParish[[#This Row],[seketCode]],"-",tblParish[[#This Row],[pCode]]) -> D02-S02-P02 | G72: =Distrik!F$6 -> D02 | H72: =VLOOKUP(tblParish[[#This Row],[DistCode]],tblDistrict[],2,FALSE) -> Jabem | I72: =Seket!I$14 -> S02 | J72: =CONCATENATE(tblParish[[#This Row],[DistCode]],"-",tblParish[[#This Row],[sCode]]) -> D02-S02 | K72: =VLOOKUP(tblParish[[#This Row],[seketCode]],tblSeket,5,FALSE) -> #NAME? | L72: P02 | M72: Busong
F73: =CONCATENATE(tblParish[[#This Row],[seketCode]],"-",tblParish[[#This Row],[pCode]]) -> D02-S02-P03 | G73: =Distrik!F$6 -> D02 | H73: =VLOOKUP(tblParish[[#This Row],[DistCode]],tblDistrict[],2,FALSE) -> Jabem | I73: =Seket!I$14 -> S02 | J73: =CONCATENATE(tblParish[[#This Row],[DistCode]],"-",tblParish[[#This Row],[sCode]]) -> D02-S02 | K73: =VLOOKUP(tblParish[[#This Row],[seketCode]],tblSeket,5,FALSE) -> #NAME? | L73: P03 | M73: Deinzerhill
F74: =CONCATENATE(tblParish[[#This Row],[seketCode]],"-",tblParish[[#This Row],[pCode]]) -> D02-S02-P04 | G74: =Distrik!F$6 -> D02 | H74: =VLOOKUP(tblParish[[#This Row],[DistCode]],tblDistrict[],2,FALSE) -> Jabem | I74: =Seket!I$14 -> S02 | J74: =CONCATENATE(tblParish[[#This Row],[DistCode]],"-",tblParish[[#This Row],[sCode]]) -> D02-S02 | K74: =VLOOKUP(tblParish[[#This Row],[seketCode]],tblSeket,5,FALSE) -> #NAME? | L74: P04 | M74: Busini
F75: =CONCATENATE(tblParish[[#This Row],[seketCode]],"-",tblParish[[#This Row],[pCode]]) -> D02-S03-P01 | G75: =Distrik!F$6 -> D02 | H75: =VLOOKUP(tblParish[[#This Row],[DistCode]],tblDistrict[],2,FALSE) -> Jabem | I75: =Seket!I$15 -> S03 | J75: =CONCATENATE(tblParish[[#This Row],[DistCode]],"-",tblParish[[#This Row],[sCode]]) -> D02-S03 | K75: =VLOOKUP(tblParish[[#This Row],[seketCode]],tblSeket,5,FALSE) -> #NAME? | L75: P01 | M75: Manga
F76: =CONCATENATE(tblParish[[#This Row],[seketCode]],"-",tblParish[[#This Row],[pCode]]) -> D02-S03-P02 | G76: =Distrik!F$6 -> D02 | H76: =VLOOKUP(tblParish[[#This Row],[DistCode]],tblDistrict[],2,FALSE) -> Jabem | I76: =Seket!I$15 -> S03 | J76: =CONCATENATE(tblParish[[#This Row],[DistCode]],"-",tblParish[[#This Row],[sCode]]) -> D02-S03 | K76: =VLOOKUP(tblParish[[#This Row],[seketCode]],tblSeket,5,FALSE) -> #NAME? | L76: P02 | M76: Sangas
F77: =CONCATENATE(tblParish[[#This Row],[seketCode]],"-",tblParish[[#This Row],[pCode]]) -> D02-S03-P03 | G77: =Distrik!F$6 -> D02 | H77: =VLOOKUP(tblParish[[#This Row],[DistCode]],tblDistrict[],2,FALSE) -> Jabem | I77: =Seket!I$15 -> S03 | J77: =CONCATENATE(tblParish[[#This Row],[DistCode]],"-",tblParish[[#This Row],[sCode]]) -> D02-S03 | K77: =VLOOKUP(tblParish[[#This Row],[seketCode]],tblSeket,5,FALSE) -> #NAME? | L77: P03 | M77: Mapos
F78: =CONCATENATE(tblParish[[#This Row],[seketCode]],"-",tblParish[[#This Row],[pCode]]) -> D02-S03-P04 | G78: =Distrik!F$6 -> D02 | H78: =VLOOKUP(tblParish[[#This Row],[DistCode]],tblDistrict[],2,FALSE) -> Jabem | I78: =Seket!I$15 -> S03 | J78: =CONCATENATE(tblParish[[#This Row],[DistCode]],"-",tblParish[[#This Row],[sCode]]) -> D02-S03 | K78: =VLOOKUP(tblParish[[#This Row],[seketCode]],tblSeket,5,FALSE) -> #NAME? | L78: P04 | M78: Bulantem
F79: =CONCATENATE(tblParish[[#This Row],[seketCode]],"-",tblParish[[#This Row],[pCode]]) -> D02-S03-P05 | G79: =Distrik!F$6 -> D02 | H79: =VLOOKUP(tblParish[[#This Row],[DistCode]],tblDistrict[],2,FALSE) -> Jabem | I79: =Seket!I$15 -> S03 | J79: =CONCATENATE(tblParish[[#This Row],[DistCode]],"-",tblParish[[#This Row],[sCode]]) -> D02-S03 | K79: =VLOOKUP(tblParish[[#This Row],[seketCode]],tblSeket,5,FALSE) -> #NAME? | L79: P05 | M79: Gwein
F80: =CONCATENATE(tblParish[[#This Row],[seketCode]],"-",tblParish[[#This Row],[pCode]]) -> D02-S03-P06 | G80: =Distrik!F$6 -> D02 | H80: =VLOOKUP(tblParish[[#This Row],[DistCode]],tblDistrict[],2,FALSE) -> Jabem | I80: =Seket!I$15 -> S03 | J80: =CONCATENATE(tblParish[[#This Row],[DistCode]],"-",tblParish[[#This Row],[sCode]]) -> D02-S03 | K80: =VLOOKUP(tblParish[[#This Row],[seketCode]],tblSeket,5,FALSE) -> #NAME? | L80: P06 | M80: Biangkoun
F81: =CONCATENATE(tblParish[[#This Row],[seketCode]],"-",tblParish[[#This Row],[pCode]]) -> D02-S04-P01 | G81: =Distrik!F$6 -> D02 | H81: =VLOOKUP(tblParish[[#This Row],[DistCode]],tblDistrict[],2,FALSE) -> Jabem | I81: =Seket!I$16 -> S04 | J81: =CONCATENATE(tblParish[[#This Row],[DistCode]],"-",tblParish[[#This Row],[sCode]]) -> D02-S04 | K81: =VLOOKUP(tblParish[[#This Row],[seketCode]],tblSeket,5,FALSE) -> #NAME? | L81: P01 | M81: Wantun
F82: =CONCATENATE(tblParish[[#This Row],[seketCode]],"-",tblParish[[#This Row],[pCode]]) -> D02-S04-P02 | G82: =Distrik!F$6 -> D02 | H82: =VLOOKUP(tblParish[[#This Row],[DistCode]],tblDistrict[],2,FALSE) -> Jabem | I82: =Seket!I$16 -> S04 | J82: =CONCATENATE(tblParish[[#This Row],[DistCode]],"-",tblParish[[#This Row],[sCode]]) -> D02-S04 | K82: =VLOOKUP(tblParish[[#This Row],[seketCode]],tblSeket,5,FALSE) -> #NAME? | L82: P02 | M82: Afa
F83: =CONCATENATE(tblParish[[#This Row],[seketCode]],"-",tblParish[[#This Row],[pCode]]) -> D02-S04-P03 | G83: =Distrik!F$6 -> D02 | H83: =VLOOKUP(tblParish[[#This Row],[DistCode]],tblDistrict[],2,FALSE) -> Jabem | I83: =Seket!I$16 -> S04 | J83: =CONCATENATE(tblParish[[#This Row],[DistCode]],"-",tblParish[[#This Row],[sCode]]) -> D02-S04 | K83: =VLOOKUP(tblParish[[#This Row],[seketCode]],tblSeket,5,FALSE) -> #NAME? | L83: P03 | M83: Kisim Bek (Umi)
F84: =CONCATENATE(tblParish[[#This Row],[seketCode]],"-",tblParish[[#This Row],[pCode]]) -> D02-S04-P04 | G84: =Distrik!F$6 -> D02 | H84: =VLOOKUP(tblParish[[#This Row],[DistCode]],tblDistrict[],2,FALSE) -> Jabem | I84: =Seket!I$16 -> S04 | J84: =CONCATENATE(tblParish[[#This Row],[DistCode]],"-",tblParish[[#This Row],[sCode]]) -> D02-S04 | K84: =VLOOKUP(tblParish[[#This Row],[seketCode]],tblSeket,5,FALSE) -> #NAME? | L84: P04 | M84: Yangkwan
F85: =CONCATENATE(tblParish[[#This Row],[seketCode]],"-",tblParish[[#This Row],[pCode]]) -> D02-S04-P05 | G85: =Distrik!F$6 -> D02 | H85: =VLOOKUP(tblParish[[#This Row],[DistCode]],tblDistrict[],2,FALSE) -> Jabem | I85: =Seket!I$16 -> S04 | J85: =CONCATENATE(tblParish[[#This Row],[DistCode]],"-",tblParish[[#This Row],[sCode]]) -> D02-S04 | K85: =VLOOKUP(tblParish[[#This Row],[seketCode]],tblSeket,5,FALSE) -> #NAME? | L85: P05 | M85: St. Ketulam (Yawa)
F86: =CONCATENATE(tblParish[[#This Row],[seketCode]],"-",tblParish[[#This Row],[pCode]]) -> D02-S04-P06 | G86: =Distrik!F$6 -> D02 | H86: =VLOOKUP(tblParish[[#This Row],[DistCode]],tblDistrict[],2,FALSE) -> Jabem | I86: =Seket!I$16 -> S04 | J86: =CONCATENATE(tblParish[[#This Row],[DistCode]],"-",tblParish[[#This Row],[sCode]]) -> D02-S04 | K86: =VLOOKUP(tblParish[[#This Row],[seketCode]],tblSeket,5,FALSE) -> #NAME? | L86: P06 | M86: Yarus
F87: =CONCATENATE(tblParish[[#This Row],[seketCode]],"-",tblParish[[#This Row],[pCode]]) -> D02-S04-P07 | G87: =Distrik!F$6 -> D02 | H87: =VLOOKUP(tblParish[[#This Row],[DistCode]],tblDistrict[],2,FALSE) -> Jabem | I87: =Seket!I$16 -> S04 | J87: =CONCATENATE(tblParish[[#This Row],[DistCode]],"-",tblParish[[#This Row],[sCode]]) -> D02-S04 | K87: =VLOOKUP(tblParish[[#This Row],[seketCode]],tblSeket,5,FALSE) -> #NAME? | L87: P07 | M87: St. Josia
F88: =CONCATENATE(tblParish[[#This Row],[seketCode]],"-",tblParish[[#This Row],[pCode]]) -> D02-S04-P08 | G88: =Distrik!F$6 -> D02 | H88: =VLOOKUP(tblParish[[#This Row],[DistCode]],tblDistrict[],2,FALSE) -> Jabem | I88: =Seket!I$16 -> S04 | J88: =CONCATENATE(tblParish[[#This Row],[DistCode]],"-",tblParish[[#This Row],[sCode]]) -> D02-S04 | K88: =VLOOKUP(tblParish[[#This Row],[seketCode]],tblSeket,5,FALSE) -> #NAME? | L88: P08 | M88: Betel
F89: =CONCATENATE(tblParish[[#This Row],[seketCode]],"-",tblParish[[#This Row],[pCode]]) -> D02-S04-P09 | G89: =Distrik!F$6 -> D02 | H89: =VLOOKUP(tblParish[[#This Row],[DistCode]],tblDistrict[],2,FALSE) -> Jabem | I89: =Seket!I$16 -> S04 | J89: =CONCATENATE(tblParish[[#This Row],[DistCode]],"-",tblParish[[#This Row],[sCode]]) -> D02-S04 | K89: =VLOOKUP(tblParish[[#This Row],[seketCode]],tblSeket,5,FALSE) -> #NAME? | L89: P09 | M89: Yati
F90: =CONCATENATE(tblParish[[#This Row],[seketCode]],"-",tblParish[[#This Row],[pCode]]) -> D02-S04-P10 | G90: =Distrik!F$6 -> D02 | H90: =VLOOKUP(tblParish[[#This Row],[DistCode]],tblDistrict[],2,FALSE) -> Jabem | I90: =Seket!I$16 -> S04 | J90: =CONCATENATE(tblParish[[#This Row],[DistCode]],"-",tblParish[[#This Row],[sCode]]) -> D02-S04 | K90: =VLOOKUP(tblParish[[#This Row],[seketCode]],tblSeket,5,FALSE) -> #NAME? | L90: P10 | M90: Gama
F91: =CONCATENATE(tblParish[[#This Row],[seketCode]],"-",tblParish[[#This Row],[pCode]]) -> D02-S04-P11 | G91: =Distrik!F$6 -> D02 | H91: =VLOOKUP(tblParish[[#This Row],[DistCode]],tblDistrict[],2,FALSE) -> Jabem | I91: =Seket!I$16 -> S04 | J91: =CONCATENATE(tblParish[[#This Row],[DistCode]],"-",tblParish[[#This Row],[sCode]]) -> D02-S04 | K91: =VLOOKUP(tblParish[[#This Row],[seketCode]],tblSeket,5,FALSE) -> #NAME? | L91: P11 | M91: Gugurup
F92: =CONCATENATE(tblParish[[#This Row],[seketCode]],"-",tblParish[[#This Row],[pCode]]) -> D02-S04-P12 | G92: =Distrik!F$6 -> D02 | H92: =VLOOKUP(tblParish[[#This Row],[DistCode]],tblDistrict[],2,FALSE) -> Jabem | I92: =Seket!I$16 -> S04 | J92: =CONCATENATE(tblParish[[#This Row],[DistCode]],"-",tblParish[[#This Row],[sCode]]) -> D02-S04 | K92: =VLOOKUP(tblParish[[#This Row],[seketCode]],tblSeket,5,FALSE) -> #NAME? | L92: P12 | M92: Guruf
F93: =CONCATENATE(tblParish[[#This Row],[seketCode]],"-",tblParish[[#This Row],[pCode]]) -> D02-S05-P01 | G93: =Distrik!F$6 -> D02 | H93: =VLOOKUP(tblParish[[#This Row],[DistCode]],tblDistrict[],2,FALSE) -> Jabem | I93: =Seket!I$17 -> S05 | J93: =CONCATENATE(tblParish[[#This Row],[DistCode]],"-",tblParish[[#This Row],[sCode]]) -> D02-S05 | K93: =VLOOKUP(tblParish[[#This Row],[seketCode]],tblSeket,5,FALSE) -> #NAME? | L93: P01 | M93: Apataiwa
F94: =CONCATENATE(tblParish[[#This Row],[seketCode]],"-",tblParish[[#This Row],[pCode]]) -> D02-S05-P02 | G94: =Distrik!F$6 -> D02 | H94: =VLOOKUP(tblParish[[#This Row],[DistCode]],tblDistrict[],2,FALSE) -> Jabem | I94: =Seket!I$17 -> S05 | J94: =CONCATENATE(tblParish[[#This Row],[DistCode]],"-",tblParish[[#This Row],[sCode]]) -> D02-S05 | K94: =VLOOKUP(tblParish[[#This Row],[seketCode]],tblSeket,5,FALSE) -> #NAME? | L94: P02 | M94: Kawaini
F95: =CONCATENATE(tblParish[[#This Row],[seketCode]],"-",tblParish[[#This Row],[pCode]]) -> D02-S05-P03 | G95: =Distrik!F$6 -> D02 | H95: =VLOOKUP(tblParish[[#This Row],[DistCode]],tblDistrict[],2,FALSE) -> Jabem | I95: =Seket!I$17 -> S05 | J95: =CONCATENATE(tblParish[[#This Row],[DistCode]],"-",tblParish[[#This Row],[sCode]]) -> D02-S05 | K95: =VLOOKUP(tblParish[[#This Row],[seketCode]],tblSeket,5,FALSE) -> #NAME? | L95: P03 | M95: Ambuini
F96: =CONCATENATE(tblParish[[#This Row],[seketCode]],"-",tblParish[[#This Row],[pCode]]) -> D02-S05-P04 | G96: =Distrik!F$6 -> D02 | H96: =VLOOKUP(tblParish[[#This Row],[DistCode]],tblDistrict[],2,FALSE) -> Jabem | I96: =Seket!I$17 -> S05 | J96: =CONCATENATE(tblParish[[#This Row],[DistCode]],"-",tblParish[[#This Row],[sCode]]) -> D02-S05 | K96: =VLOOKUP(tblParish[[#This Row],[seketCode]],tblSeket,5,FALSE) -> #NAME? | L96: P04 | M96: Tauri
F97: =CONCATENATE(tblParish[[#This Row],[seketCode]],"-",tblParish[[#This Row],[pCode]]) -> D02-S06-P01 | G97: =Distrik!F$6 -> D02 | H97: =VLOOKUP(tblParish[[#This Row],[DistCode]],tblDistrict[],2,FALSE) -> Jabem | I97: =Seket!I$18 -> S06 | J97: =CONCATENATE(tblParish[[#This Row],[DistCode]],"-",tblParish[[#This Row],[sCode]]) -> D02-S06 | K97: =VLOOKUP(tblParish[[#This Row],[seketCode]],tblSeket,5,FALSE) -> #NAME? | L97: P01 | M97: Bethel
F98: =CONCATENATE(tblParish[[#This Row],[seketCode]],"-",tblParish[[#This Row],[pCode]]) -> D02-S06-P02 | G98: =Distrik!F$6 -> D02 | H98: =VLOOKUP(tblParish[[#This Row],[DistCode]],tblDistrict[],2,FALSE) -> Jabem | I98: =Seket!I$18 -> S06 | J98: =CONCATENATE(tblParish[[#This Row],[DistCode]],"-",tblParish[[#This Row],[sCode]]) -> D02-S06 | K98: =VLOOKUP(tblParish[[#This Row],[seketCode]],tblSeket,5,FALSE) -> #NAME? | L98: P02 | M98: Sios of Hope
F99: =CONCATENATE(tblParish[[#This Row],[seketCode]],"-",tblParish[[#This Row],[pCode]]) -> D02-S06-P03 | G99: =Distrik!F$6 -> D02 | H99: =VLOOKUP(tblParish[[#This Row],[DistCode]],tblDistrict[],2,FALSE) -> Jabem | I99: =Seket!I$18 -> S06 | J99: =CONCATENATE(tblParish[[#This Row],[DistCode]],"-",tblParish[[#This Row],[sCode]]) -> D02-S06 | K99: =VLOOKUP(tblParish[[#This Row],[seketCode]],tblSeket,5,FALSE) -> #NAME? | L99: P03 | M99: Wanbel
F100: =CONCATENATE(tblParish[[#This Row],[seketCode]],"-",tblParish[[#This Row],[pCode]]) -> D02-S06-P04 | G100: =Distrik!F$6 -> D02 | H100: =VLOOKUP(tblParish[[#This Row],[DistCode]],tblDistrict[],2,FALSE) -> Jabem | I100: =Seket!I$18 -> S06 | J100: =CONCATENATE(tblParish[[#This Row],[DistCode]],"-",tblParish[[#This Row],[sCode]]) -> D02-S06 | K100: =VLOOKUP(tblParish[[#This Row],[seketCode]],tblSeket,5,FALSE) -> #NAME? | L100: P04 | M100: Kisim Bek
F101: =CONCATENATE(tblParish[[#This Row],[seketCode]],"-",tblParish[[#This Row],[pCode]]) -> D02-S06-P05 | G101: =Distrik!F$6 -> D02 | H101: =VLOOKUP(tblParish[[#This Row],[DistCode]],tblDistrict[],2,FALSE) -> Jabem | I101: =Seket!I$18 -> S06 | J101: =CONCATENATE(tblParish[[#This Row],[DistCode]],"-",tblParish[[#This Row],[sCode]]) -> D02-S06 | K101: =VLOOKUP(tblParish[[#This Row],[seketCode]],tblSeket,5,FALSE) -> #NAME? | L101: P05 | M101: Benong
...

Sheet Kongrigesen
E2: Congregation Codes
O3: total rows: | P3: =SUBTOTAL(3,tblCong[congCode]) -> 1395
F4: congCode | G4: distCode | H4: distName | I4: sCode | J4: seketCode | K4: seketName | L4: pCode | M4: parishCode | N4: Paris Name | O4: kCode | P4: congName
F5: =CONCATENATE(tblCong[[#This Row],[parishCode]],"-",tblCong[[#This Row],[kCode]]) -> D01-S01-P01-K01 | G5: =Distrik!F$5 -> D01 | H5: =VLOOKUP(tblCong[[#This Row],[distCode]],tblDistrict[#All],2) -> Kâte | I5: =Seket!I$5 -> S01 | J5: =CONCATENATE(tblCong[[#This Row],[distCode]],"-",tblCong[[#This Row],[sCode]]) -> D01-S01 | K5: =VLOOKUP(tblCong[[#This Row],[seketCode]],tblSeket[#All],5,FALSE) -> Kalasa | L5: =Paris!L$5 -> P01 | M5: =CONCATENATE(tblCong[[#This Row],[seketCode]],"-",tblCong[[#This Row],[pCode]]) -> D01-S01-P01 | N5: =Paris!M$5 -> Amugen | O5: K01 | P5: Kip
F6: =CONCATENATE(tblCong[[#This Row],[parishCode]],"-",tblCong[[#This Row],[kCode]]) -> D01-S01-P01-K02 | G6: =Distrik!F$5 -> D01 | H6: =VLOOKUP(tblCong[[#This Row],[distCode]],tblDistrict[#All],2) -> Kâte | I6: =Seket!I$5 -> S01 | J6: =CONCATENATE(tblCong[[#This Row],[distCode]],"-",tblCong[[#This Row],[sCode]]) -> D01-S01 | K6: =VLOOKUP(tblCong[[#This Row],[seketCode]],tblSeket[#All],5,FALSE) -> Kalasa | L6: =Paris!L$5 -> P01 | M6: =CONCATENATE(tblCong[[#This Row],[seketCode]],"-",tblCong[[#This Row],[pCode]]) -> D01-S01-P01 | N6: =Paris!M$5 -> Amugen | O6: K02 | P6: Kukuya
F7: =CONCATENATE(tblCong[[#This Row],[parishCode]],"-",tblCong[[#This Row],[kCode]]) -> D01-S01-P01-K03 | G7: =Distrik!F$5 -> D01 | H7: =VLOOKUP(tblCong[[#This Row],[distCode]],tblDistrict[#All],2) -> Kâte | I7: =Seket!I$5 -> S01 | J7: =CONCATENATE(tblCong[[#This Row],[distCode]],"-",tblCong[[#This Row],[sCode]]) -> D01-S01 | K7: =VLOOKUP(tblCong[[#This Row],[seketCode]],tblSeket[#All],5,FALSE) -> Kalasa | L7: =Paris!L$5 -> P01 | M7: =CONCATENATE(tblCong[[#This Row],[seketCode]],"-",tblCong[[#This Row],[pCode]]) -> D01-S01-P01 | N7: =Paris!M$5 -> Amugen | O7: K03 | P7: Wetna
B8: =Dashboard!B8 -> District Code Records | F8: =CONCATENATE(tblCong[[#This Row],[parishCode]],"-",tblCong[[#This Row],[kCode]]) -> D01-S01-P01-K04 | G8: =Distrik!F$5 -> D01 | H8: =VLOOKUP(tblCong[[#This Row],[distCode]],tblDistrict[#All],2) -> Kâte | I8: =Seket!I$5 -> S01 | J8: =CONCATENATE(tblCong[[#This Row],[distCode]],"-",tblCong[[#This Row],[sCode]]) -> D01-S01 | K8: =VLOOKUP(tblCong[[#This Row],[seketCode]],tblSeket[#All],5,FALSE) -> Kalasa | L8: =Paris!L$5 -> P01 | M8: =CONCATENATE(tblCong[[#This Row],[seketCode]],"-",tblCong[[#This Row],[pCode]]) -> D01-S01-P01 | N8: =Paris!M$5 -> Amugen | O8: K04 | P8: Sikekea
B9: =Dashboard!B9 -> as of March 2023 | F9: =CONCATENATE(tblCong[[#This Row],[parishCode]],"-",tblCong[[#This Row],[kCode]]) -> D01-S01-P01-K05 | G9: =Distrik!F$5 -> D01 | H9: =VLOOKUP(tblCong[[#This Row],[distCode]],tblDistrict[#All],2) -> Kâte | I9: =Seket!I$5 -> S01 | J9: =CONCATENATE(tblCong[[#This Row],[distCode]],"-",tblCong[[#This Row],[sCode]]) -> D01-S01 | K9: =VLOOKUP(tblCong[[#This Row],[seketCode]],tblSeket[#All],5,FALSE) -> Kalasa | L9: =Paris!L$5 -> P01 | M9: =CONCATENATE(tblCong[[#This Row],[seketCode]],"-",tblCong[[#This Row],[pCode]]) -> D01-S01-P01 | N9: =Paris!M$5 -> Amugen | O9: K05 | P9: Kalasa
F10: =CONCATENATE(tblCong[[#This Row],[parishCode]],"-",tblCong[[#This Row],[kCode]]) -> D01-S01-P01-K06 | G10: =Distrik!F$5 -> D01 | H10: =VLOOKUP(tblCong[[#This Row],[distCode]],tblDistrict[#All],2) -> Kâte | I10: =Seket!I$5 -> S01 | J10: =CONCATENATE(tblCong[[#This Row],[distCode]],"-",tblCong[[#This Row],[sCode]]) -> D01-S01 | K10: =VLOOKUP(tblCong[[#This Row],[seketCode]],tblSeket[#All],5,FALSE) -> Kalasa | L10: =Paris!L$5 -> P01 | M10: =CONCATENATE(tblCong[[#This Row],[seketCode]],"-",tblCong[[#This Row],[pCode]]) -> D01-S01-P01 | N10: =Paris!M$5 -> Amugen | O10: K06 | P10: Orara
F11: =CONCATENATE(tblCong[[#This Row],[parishCode]],"-",tblCong[[#This Row],[kCode]]) -> D01-S01-P01-K07 | G11: =Distrik!F$5 -> D01 | H11: =VLOOKUP(tblCong[[#This Row],[distCode]],tblDistrict[#All],2) -> Kâte | I11: =Seket!I$5 -> S01 | J11: =CONCATENATE(tblCong[[#This Row],[distCode]],"-",tblCong[[#This Row],[sCode]]) -> D01-S01 | K11: =VLOOKUP(tblCong[[#This Row],[seketCode]],tblSeket[#All],5,FALSE) -> Kalasa | L11: =Paris!L$5 -> P01 | M11: =CONCATENATE(tblCong[[#This Row],[seketCode]],"-",tblCong[[#This Row],[pCode]]) -> D01-S01-P01 | N11: =Paris!M$5 -> Amugen | O11: K07 | P11: Betel
B12: District | F12: =CONCATENATE(tblCong[[#This Row],[parishCode]],"-",tblCong[[#This Row],[kCode]]) -> D01-S01-P02-K01 | G12: =Distrik!F$5 -> D01 | H12: =VLOOKUP(tblCong[[#This Row],[distCode]],tblDistrict[#All],2) -> Kâte | I12: =Seket!I$5 -> S01 | J12: =CONCATENATE(tblCong[[#This Row],[distCode]],"-",tblCong[[#This Row],[sCode]]) -> D01-S01 | K12: =VLOOKUP(tblCong[[#This Row],[seketCode]],tblSeket[#All],5,FALSE) -> Kalasa | L12: =Paris!L$6 -> P02 | M12: =CONCATENATE(tblCong[[#This Row],[seketCode]],"-",tblCong[[#This Row],[pCode]]) -> D01-S01-P02 | N12: =Paris!M$6 -> Tigasu | O12: K01 | P12: Sialum
F13: =CONCATENATE(tblCong[[#This Row],[parishCode]],"-",tblCong[[#This Row],[kCode]]) -> D01-S01-P02-K02 | G13: =Distrik!F$5 -> D01 | H13: =VLOOKUP(tblCong[[#This Row],[distCode]],tblDistrict[#All],2) -> Kâte | I13: =Seket!I$5 -> S01 | J13: =CONCATENATE(tblCong[[#This Row],[distCode]],"-",tblCong[[#This Row],[sCode]]) -> D01-S01 | K13: =VLOOKUP(tblCong[[#This Row],[seketCode]],tblSeket[#All],5,FALSE) -> Kalasa | L13: =Paris!L$6 -> P02 | M13: =CONCATENATE(tblCong[[#This Row],[seketCode]],"-",tblCong[[#This Row],[pCode]]) -> D01-S01-P02 | N13: =Paris!M$6 -> Tigasu | O13: K02 | P13: Nama
F14: =CONCATENATE(tblCong[[#This Row],[parishCode]],"-",tblCong[[#This Row],[kCode]]) -> D01-S01-P02-K03 | G14: =Distrik!F$5 -> D01 | H14: =VLOOKUP(tblCong[[#This Row],[distCode]],tblDistrict[#All],2) -> Kâte | I14: =Seket!I$5 -> S01 | J14: =CONCATENATE(tblCong[[#This Row],[distCode]],"-",tblCong[[#This Row],[sCode]]) -> D01-S01 | K14: =VLOOKUP(tblCong[[#This Row],[seketCode]],tblSeket[#All],5,FALSE) -> Kalasa | L14: =Paris!L$6 -> P02 | M14: =CONCATENATE(tblCong[[#This Row],[seketCode]],"-",tblCong[[#This Row],[pCode]]) -> D01-S01-P02 | N14: =Paris!M$6 -> Tigasu | O14: K03 | P14: Qambu
B15: Seket | F15: =CONCATENATE(tblCong[[#This Row],[parishCode]],"-",tblCong[[#This Row],[kCode]]) -> D01-S01-P02-K04 | G15: =Distrik!F$5 -> D01 | H15: =VLOOKUP(tblCong[[#This Row],[distCode]],tblDistrict[#All],2) -> Kâte | I15: =Seket!I$5 -> S01 | J15: =CONCATENATE(tblCong[[#This Row],[distCode]],"-",tblCong[[#This Row],[sCode]]) -> D01-S01 | K15: =VLOOKUP(tblCong[[#This Row],[seketCode]],tblSeket[#All],5,FALSE) -> Kalasa | L15: =Paris!L$6 -> P02 | M15: =CONCATENATE(tblCong[[#This Row],[seketCode]],"-",tblCong[[#This Row],[pCode]]) -> D01-S01-P02 | N15: =Paris!M$6 -> Tigasu | O15: K04 | P15: Romonga
F16: =CONCATENATE(tblCong[[#This Row],[parishCode]],"-",tblCong[[#This Row],[kCode]]) -> D01-S01-P02-K05 | G16: =Distrik!F$5 -> D01 | H16: =VLOOKUP(tblCong[[#This Row],[distCode]],tblDistrict[#All],2) -> Kâte | I16: =Seket!I$5 -> S01 | J16: =CONCATENATE(tblCong[[#This Row],[distCode]],"-",tblCong[[#This Row],[sCode]]) -> D01-S01 | K16: =VLOOKUP(tblCong[[#This Row],[seketCode]],tblSeket[#All],5,FALSE) -> Kalasa | L16: =Paris!L$6 -> P02 | M16: =CONCATENATE(tblCong[[#This Row],[seketCode]],"-",tblCong[[#This Row],[pCode]]) -> D01-S01-P02 | N16: =Paris!M$6 -> Tigasu | O16: K05 | P16: Station
F17: =CONCATENATE(tblCong[[#This Row],[parishCode]],"-",tblCong[[#This Row],[kCode]]) -> D01-S01-P03-K01 | G17: =Distrik!F$5 -> D01 | H17: =VLOOKUP(tblCong[[#This Row],[distCode]],tblDistrict[#All],2) -> Kâte | I17: =Seket!I$5 -> S01 | J17: =CONCATENATE(tblCong[[#This Row],[distCode]],"-",tblCong[[#This Row],[sCode]]) -> D01-S01 | K17: =VLOOKUP(tblCong[[#This Row],[seketCode]],tblSeket[#All],5,FALSE) -> Kalasa | L17: =Paris!L$7 -> P03 | M17: =CONCATENATE(tblCong[[#This Row],[seketCode]],"-",tblCong[[#This Row],[pCode]]) -> D01-S01-P03 | N17: =Paris!M$7 -> Kanome | O17: K01 | P17: Kanome
B18: Parish | F18: =CONCATENATE(tblCong[[#This Row],[parishCode]],"-",tblCong[[#This Row],[kCode]]) -> D01-S01-P03-K02 | G18: =Distrik!F$5 -> D01 | H18: =VLOOKUP(tblCong[[#This Row],[distCode]],tblDistrict[#All],2) -> Kâte | I18: =Seket!I$5 -> S01 | J18: =CONCATENATE(tblCong[[#This Row],[distCode]],"-",tblCong[[#This Row],[sCode]]) -> D01-S01 | K18: =VLOOKUP(tblCong[[#This Row],[seketCode]],tblSeket[#All],5,FALSE) -> Kalasa | L18: =Paris!L$7 -> P03 | M18: =CONCATENATE(tblCong[[#This Row],[seketCode]],"-",tblCong[[#This Row],[pCode]]) -> D01-S01-P03 | N18: =Paris!M$7 -> Kanome | O18: K02 | P18: Nada
F19: =CONCATENATE(tblCong[[#This Row],[parishCode]],"-",tblCong[[#This Row],[kCode]]) -> D01-S01-P03-K03 | G19: =Distrik!F$5 -> D01 | H19: =VLOOKUP(tblCong[[#This Row],[distCode]],tblDistrict[#All],2) -> Kâte | I19: =Seket!I$5 -> S01 | J19: =CONCATENATE(tblCong[[#This Row],[distCode]],"-",tblCong[[#This Row],[sCode]]) -> D01-S01 | K19: =VLOOKUP(tblCong[[#This Row],[seketCode]],tblSeket[#All],5,FALSE) -> Kalasa | L19: =Paris!L$7 -> P03 | M19: =CONCATENATE(tblCong[[#This Row],[seketCode]],"-",tblCong[[#This Row],[pCode]]) -> D01-S01-P03 | N19: =Paris!M$7 -> Kanome | O19: K03 | P19: Kanzarua
F20: =CONCATENATE(tblCong[[#This Row],[parishCode]],"-",tblCong[[#This Row],[kCode]]) -> D01-S01-P03-K04 | G20: =Distrik!F$5 -> D01 | H20: =VLOOKUP(tblCong[[#This Row],[distCode]],tblDistrict[#All],2) -> Kâte | I20: =Seket!I$5 -> S01 | J20: =CONCATENATE(tblCong[[#This Row],[distCode]],"-",tblCong[[#This Row],[sCode]]) -> D01-S01 | K20: =VLOOKUP(tblCong[[#This Row],[seketCode]],tblSeket[#All],5,FALSE) -> Kalasa | L20: =Paris!L$7 -> P03 | M20: =CONCATENATE(tblCong[[#This Row],[seketCode]],"-",tblCong[[#This Row],[pCode]]) -> D01-S01-P03 | N20: =Paris!M$7 -> Kanome | O20: K04 | P20: Marimari
B21: Congregation | F21: =CONCATENATE(tblCong[[#This Row],[parishCode]],"-",tblCong[[#This Row],[kCode]]) -> D01-S01-P04-K01 | G21: =Distrik!F$5 -> D01 | H21: =VLOOKUP(tblCong[[#This Row],[distCode]],tblDistrict[#All],2) -> Kâte | I21: =Seket!I$5 -> S01 | J21: =CONCATENATE(tblCong[[#This Row],[distCode]],"-",tblCong[[#This Row],[sCode]]) -> D01-S01 | K21: =VLOOKUP(tblCong[[#This Row],[seketCode]],tblSeket[#All],5,FALSE) -> Kalasa | L21: =Paris!L$8 -> P04 | M21: =CONCATENATE(tblCong[[#This Row],[seketCode]],"-",tblCong[[#This Row],[pCode]]) -> D01-S01-P04 | N21: =Paris!M$8 -> Ririwo | O21: K01 | P21: Ririwo
F22: =CONCATENATE(tblCong[[#This Row],[parishCode]],"-",tblCong[[#This Row],[kCode]]) -> D01-S01-P04-K02 | G22: =Distrik!F$5 -> D01 | H22: =VLOOKUP(tblCong[[#This Row],[distCode]],tblDistrict[#All],2) -> Kâte | I22: =Seket!I$5 -> S01 | J22: =CONCATENATE(tblCong[[#This Row],[distCode]],"-",tblCong[[#This Row],[sCode]]) -> D01-S01 | K22: =VLOOKUP(tblCong[[#This Row],[seketCode]],tblSeket[#All],5,FALSE) -> Kalasa | L22: =Paris!L$8 -> P04 | M22: =CONCATENATE(tblCong[[#This Row],[seketCode]],"-",tblCong[[#This Row],[pCode]]) -> D01-S01-P04 | N22: =Paris!M$8 -> Ririwo | O22: K02 | P22: Ga
F23: =CONCATENATE(tblCong[[#This Row],[parishCode]],"-",tblCong[[#This Row],[kCode]]) -> D01-S01-P04-K03 | G23: =Distrik!F$5 -> D01 | H23: =VLOOKUP(tblCong[[#This Row],[distCode]],tblDistrict[#All],2) -> Kâte | I23: =Seket!I$5 -> S01 | J23: =CONCATENATE(tblCong[[#This Row],[distCode]],"-",tblCong[[#This Row],[sCode]]) -> D01-S01 | K23: =VLOOKUP(tblCong[[#This Row],[seketCode]],tblSeket[#All],5,FALSE) -> Kalasa | L23: =Paris!L$8 -> P04 | M23: =CONCATENATE(tblCong[[#This Row],[seketCode]],"-",tblCong[[#This Row],[pCode]]) -> D01-S01-P04 | N23: =Paris!M$8 -> Ririwo | O23: K03 | P23: Sabe
B24: Summary | F24: =CONCATENATE(tblCong[[#This Row],[parishCode]],"-",tblCong[[#This Row],[kCode]]) -> D01-S01-P04-K04 | G24: =Distrik!F$5 -> D01 | H24: =VLOOKUP(tblCong[[#This Row],[distCode]],tblDistrict[#All],2) -> Kâte | I24: =Seket!I$5 -> S01 | J24: =CONCATENATE(tblCong[[#This Row],[distCode]],"-",tblCong[[#This Row],[sCode]]) -> D01-S01 | K24: =VLOOKUP(tblCong[[#This Row],[seketCode]],tblSeket[#All],5,FALSE) -> Kalasa | L24: =Paris!L$8 -> P04 | M24: =CONCATENATE(tblCong[[#This Row],[seketCode]],"-",tblCong[[#This Row],[pCode]]) -> D01-S01-P04 | N24: =Paris!M$8 -> Ririwo | O24: K04 | P24: Samep
F25: =CONCATENATE(tblCong[[#This Row],[parishCode]],"-",tblCong[[#This Row],[kCode]]) -> D01-S01-P05-K01 | G25: =Distrik!F$5 -> D01 | H25: =VLOOKUP(tblCong[[#This Row],[distCode]],tblDistrict[#All],2) -> Kâte | I25: =Seket!I$5 -> S01 | J25: =CONCATENATE(tblCong[[#This Row],[distCode]],"-",tblCong[[#This Row],[sCode]]) -> D01-S01 | K25: =VLOOKUP(tblCong[[#This Row],[seketCode]],tblSeket[#All],5,FALSE) -> Kalasa | L25: =Paris!L$9 -> P05 | M25: =CONCATENATE(tblCong[[#This Row],[seketCode]],"-",tblCong[[#This Row],[pCode]]) -> D01-S01-P05 | N25: =Paris!M$9 -> Gegibo | O25: K01 | P25: Mineneko
F26: =CONCATENATE(tblCong[[#This Row],[parishCode]],"-",tblCong[[#This Row],[kCode]]) -> D01-S01-P05-K02 | G26: =Distrik!F$5 -> D01 | H26: =VLOOKUP(tblCong[[#This Row],[distCode]],tblDistrict[#All],2) -> Kâte | I26: =Seket!I$5 -> S01 | J26: =CONCATENATE(tblCong[[#This Row],[distCode]],"-",tblCong[[#This Row],[sCode]]) -> D01-S01 | K26: =VLOOKUP(tblCong[[#This Row],[seketCode]],tblSeket[#All],5,FALSE) -> Kalasa | L26: =Paris!L$9 -> P05 | M26: =CONCATENATE(tblCong[[#This Row],[seketCode]],"-",tblCong[[#This Row],[pCode]]) -> D01-S01-P05 | N26: =Paris!M$9 -> Gegibo | O26: K02 | P26: Buamgo
F27: =CONCATENATE(tblCong[[#This Row],[parishCode]],"-",tblCong[[#This Row],[kCode]]) -> D01-S01-P05-K03 | G27: =Distrik!F$5 -> D01 | H27: =VLOOKUP(tblCong[[#This Row],[distCode]],tblDistrict[#All],2) -> Kâte | I27: =Seket!I$5 -> S01 | J27: =CONCATENATE(tblCong[[#This Row],[distCode]],"-",tblCong[[#This Row],[sCode]]) -> D01-S01 | K27: =VLOOKUP(tblCong[[#This Row],[seketCode]],tblSeket[#All],5,FALSE) -> Kalasa | L27: =Paris!L$9 -> P05 | M27: =CONCATENATE(tblCong[[#This Row],[seketCode]],"-",tblCong[[#This Row],[pCode]]) -> D01-S01-P05 | N27: =Paris!M$9 -> Gegibo | O27: K03 | P27: Zakupep
F28: =CONCATENATE(tblCong[[#This Row],[parishCode]],"-",tblCong[[#This Row],[kCode]]) -> D01-S01-P05-K04 | G28: =Distrik!F$5 -> D01 | H28: =VLOOKUP(tblCong[[#This Row],[distCode]],tblDistrict[#All],2) -> Kâte | I28: =Seket!I$5 -> S01 | J28: =CONCATENATE(tblCong[[#This Row],[distCode]],"-",tblCong[[#This Row],[sCode]]) -> D01-S01 | K28: =VLOOKUP(tblCong[[#This Row],[seketCode]],tblSeket[#All],5,FALSE) -> Kalasa | L28: =Paris!L$9 -> P05 | M28: =CONCATENATE(tblCong[[#This Row],[seketCode]],"-",tblCong[[#This Row],[pCode]]) -> D01-S01-P05 | N28: =Paris!M$9 -> Gegibo | O28: K04 | P28: Zankoa
F29: =CONCATENATE(tblCong[[#This Row],[parishCode]],"-",tblCong[[#This Row],[kCode]]) -> D01-S01-P05-K05 | G29: =Distrik!F$5 -> D01 | H29: =VLOOKUP(tblCong[[#This Row],[distCode]],tblDistrict[#All],2) -> Kâte | I29: =Seket!I$5 -> S01 | J29: =CONCATENATE(tblCong[[#This Row],[distCode]],"-",tblCong[[#This Row],[sCode]]) -> D01-S01 | K29: =VLOOKUP(tblCong[[#This Row],[seketCode]],tblSeket[#All],5,FALSE) -> Kalasa | L29: =Paris!L$9 -> P05 | M29: =CONCATENATE(tblCong[[#This Row],[seketCode]],"-",tblCong[[#This Row],[pCode]]) -> D01-S01-P05 | N29: =Paris!M$9 -> Gegibo | O29: K05 | P29: Karako
F30: =CONCATENATE(tblCong[[#This Row],[parishCode]],"-",tblCong[[#This Row],[kCode]]) -> D01-S01-P06-K01 | G30: =Distrik!F$5 -> D01 | H30: =VLOOKUP(tblCong[[#This Row],[distCode]],tblDistrict[#All],2) -> Kâte | I30: =Seket!I$5 -> S01 | J30: =CONCATENATE(tblCong[[#This Row],[distCode]],"-",tblCong[[#This Row],[sCode]]) -> D01-S01 | K30: =VLOOKUP(tblCong[[#This Row],[seketCode]],tblSeket[#All],5,FALSE) -> Kalasa | L30: =Paris!L$10 -> P06 | M30: =CONCATENATE(tblCong[[#This Row],[seketCode]],"-",tblCong[[#This Row],[pCode]]) -> D01-S01-P06 | N30: =Paris!M$10 -> Gitukia | O30: K01 | P30: Gitukia
F31: =CONCATENATE(tblCong[[#This Row],[parishCode]],"-",tblCong[[#This Row],[kCode]]) -> D01-S01-P06-K02 | G31: =Distrik!F$5 -> D01 | H31: =VLOOKUP(tblCong[[#This Row],[distCode]],tblDistrict[#All],2) -> Kâte | I31: =Seket!I$5 -> S01 | J31: =CONCATENATE(tblCong[[#This Row],[distCode]],"-",tblCong[[#This Row],[sCode]]) -> D01-S01 | K31: =VLOOKUP(tblCong[[#This Row],[seketCode]],tblSeket[#All],5,FALSE) -> Kalasa | L31: =Paris!L$10 -> P06 | M31: =CONCATENATE(tblCong[[#This Row],[seketCode]],"-",tblCong[[#This Row],[pCode]]) -> D01-S01-P06 | N31: =Paris!M$10 -> Gitukia | O31: K02 | P31: Qabi
F32: =CONCATENATE(tblCong[[#This Row],[parishCode]],"-",tblCong[[#This Row],[kCode]]) -> D01-S01-P06-K03 | G32: =Distrik!F$5 -> D01 | H32: =VLOOKUP(tblCong[[#This Row],[distCode]],tblDistrict[#All],2) -> Kâte | I32: =Seket!I$5 -> S01 | J32: =CONCATENATE(tblCong[[#This Row],[distCode]],"-",tblCong[[#This Row],[sCode]]) -> D01-S01 | K32: =VLOOKUP(tblCong[[#This Row],[seketCode]],tblSeket[#All],5,FALSE) -> Kalasa | L32: =Paris!L$10 -> P06 | M32: =CONCATENATE(tblCong[[#This Row],[seketCode]],"-",tblCong[[#This Row],[pCode]]) -> D01-S01-P06 | N32: =Paris!M$10 -> Gitukia | O32: K03 | P32: Ejango
F33: =CONCATENATE(tblCong[[#This Row],[parishCode]],"-",tblCong[[#This Row],[kCode]]) -> D01-S01-P06-K04 | G33: =Distrik!F$5 -> D01 | H33: =VLOOKUP(tblCong[[#This Row],[distCode]],tblDistrict[#All],2) -> Kâte | I33: =Seket!I$5 -> S01 | J33: =CONCATENATE(tblCong[[#This Row],[distCode]],"-",tblCong[[#This Row],[sCode]]) -> D01-S01 | K33: =VLOOKUP(tblCong[[#This Row],[seketCode]],tblSeket[#All],5,FALSE) -> Kalasa | L33: =Paris!L$10 -> P06 | M33: =CONCATENATE(tblCong[[#This Row],[seketCode]],"-",tblCong[[#This Row],[pCode]]) -> D01-S01-P06 | N33: =Paris!M$10 -> Gitukia | O33: K04 | P33: Kinalakna
F34: =CONCATENATE(tblCong[[#This Row],[parishCode]],"-",tblCong[[#This Row],[kCode]]) -> D01-S01-P07-K01 | G34: =Distrik!F$5 -> D01 | H34: =VLOOKUP(tblCong[[#This Row],[distCode]],tblDistrict[#All],2) -> Kâte | I34: =Seket!I$5 -> S01 | J34: =CONCATENATE(tblCong[[#This Row],[distCode]],"-",tblCong[[#This Row],[sCode]]) -> D01-S01 | K34: =VLOOKUP(tblCong[[#This Row],[seketCode]],tblSeket[#All],5,FALSE) -> Kalasa | L34: =Paris!L$11 -> P07 | M34: =CONCATENATE(tblCong[[#This Row],[seketCode]],"-",tblCong[[#This Row],[pCode]]) -> D01-S01-P07 | N34: =Paris!M$11 -> Botara | O34: K01 | P34: Gitua
F35: =CONCATENATE(tblCong[[#This Row],[parishCode]],"-",tblCong[[#This Row],[kCode]]) -> D01-S01-P07-K02 | G35: =Distrik!F$5 -> D01 | H35: =VLOOKUP(tblCong[[#This Row],[distCode]],tblDistrict[#All],2) -> Kâte | I35: =Seket!I$5 -> S01 | J35: =CONCATENATE(tblCong[[#This Row],[distCode]],"-",tblCong[[#This Row],[sCode]]) -> D01-S01 | K35: =VLOOKUP(tblCong[[#This Row],[seketCode]],tblSeket[#All],5,FALSE) -> Kalasa | L35: =Paris!L$11 -> P07 | M35: =CONCATENATE(tblCong[[#This Row],[seketCode]],"-",tblCong[[#This Row],[pCode]]) -> D01-S01-P07 | N35: =Paris!M$11 -> Botara | O35: K02 | P35: Boru
F36: =CONCATENATE(tblCong[[#This Row],[parishCode]],"-",tblCong[[#This Row],[kCode]]) -> D01-S01-P07-K03 | G36: =Distrik!F$5 -> D01 | H36: =VLOOKUP(tblCong[[#This Row],[distCode]],tblDistrict[#All],2) -> Kâte | I36: =Seket!I$5 -> S01 | J36: =CONCATENATE(tblCong[[#This Row],[distCode]],"-",tblCong[[#This Row],[sCode]]) -> D01-S01 | K36: =VLOOKUP(tblCong[[#This Row],[seketCode]],tblSeket[#All],5,FALSE) -> Kalasa | L36: =Paris!L$11 -> P07 | M36: =CONCATENATE(tblCong[[#This Row],[seketCode]],"-",tblCong[[#This Row],[pCode]]) -> D01-S01-P07 | N36: =Paris!M$11 -> Botara | O36: K03 | P36: Wenga
F37: =CONCATENATE(tblCong[[#This Row],[parishCode]],"-",tblCong[[#This Row],[kCode]]) -> D01-S01-P08-K01 | G37: =Distrik!F$5 -> D01 | H37: =VLOOKUP(tblCong[[#This Row],[distCode]],tblDistrict[#All],2) -> Kâte | I37: =Seket!I$5 -> S01 | J37: =CONCATENATE(tblCong[[#This Row],[distCode]],"-",tblCong[[#This Row],[sCode]]) -> D01-S01 | K37: =VLOOKUP(tblCong[[#This Row],[seketCode]],tblSeket[#All],5,FALSE) -> Kalasa | L37: =Paris!L$12 -> P08 | M37: =CONCATENATE(tblCong[[#This Row],[seketCode]],"-",tblCong[[#This Row],[pCode]]) -> D01-S01-P08 | N37: =Paris!M$12 -> Tibaki | O37: K01 | P37: Wagum
F38: =CONCATENATE(tblCong[[#This Row],[parishCode]],"-",tblCong[[#This Row],[kCode]]) -> D01-S01-P08-K02 | G38: =Distrik!F$5 -> D01 | H38: =VLOOKUP(tblCong[[#This Row],[distCode]],tblDistrict[#All],2) -> Kâte | I38: =Seket!I$5 -> S01 | J38: =CONCATENATE(tblCong[[#This Row],[distCode]],"-",tblCong[[#This Row],[sCode]]) -> D01-S01 | K38: =VLOOKUP(tblCong[[#This Row],[seketCode]],tblSeket[#All],5,FALSE) -> Kalasa | L38: =Paris!L$12 -> P08 | M38: =CONCATENATE(tblCong[[#This Row],[seketCode]],"-",tblCong[[#This Row],[pCode]]) -> D01-S01-P08 | N38: =Paris!M$12 -> Tibaki | O38: K02 | P38: Kolakia
F39: =CONCATENATE(tblCong[[#This Row],[parishCode]],"-",tblCong[[#This Row],[kCode]]) -> D01-S01-P08-K03 | G39: =Distrik!F$5 -> D01 | H39: =VLOOKUP(tblCong[[#This Row],[distCode]],tblDistrict[#All],2) -> Kâte | I39: =Seket!I$5 -> S01 | J39: =CONCATENATE(tblCong[[#This Row],[distCode]],"-",tblCong[[#This Row],[sCode]]) -> D01-S01 | K39: =VLOOKUP(tblCong[[#This Row],[seketCode]],tblSeket[#All],5,FALSE) -> Kalasa | L39: =Paris!L$12 -> P08 | M39: =CONCATENATE(tblCong[[#This Row],[seketCode]],"-",tblCong[[#This Row],[pCode]]) -> D01-S01-P08 | N39: =Paris!M$12 -> Tibaki | O39: K03 | P39: Kumukio
F40: =CONCATENATE(tblCong[[#This Row],[parishCode]],"-",tblCong[[#This Row],[kCode]]) -> D01-S01-P08-K04 | G40: =Distrik!F$5 -> D01 | H40: =VLOOKUP(tblCong[[#This Row],[distCode]],tblDistrict[#All],2) -> Kâte | I40: =Seket!I$5 -> S01 | J40: =CONCATENATE(tblCong[[#This Row],[distCode]],"-",tblCong[[#This Row],[sCode]]) -> D01-S01 | K40: =VLOOKUP(tblCong[[#This Row],[seketCode]],tblSeket[#All],5,FALSE) -> Kalasa | L40: =Paris!L$12 -> P08 | M40: =CONCATENATE(tblCong[[#This Row],[seketCode]],"-",tblCong[[#This Row],[pCode]]) -> D01-S01-P08 | N40: =Paris!M$12 -> Tibaki | O40: K04 | P40: Soleng
F41: =CONCATENATE(tblCong[[#This Row],[parishCode]],"-",tblCong[[#This Row],[kCode]]) -> D01-S02-P01-K01 | G41: =Distrik!F$5 -> D01 | H41: =VLOOKUP(tblCong[[#This Row],[distCode]],tblDistrict[#All],2) -> Kâte | I41: =Seket!I$6 -> S02 | J41: =CONCATENATE(tblCong[[#This Row],[distCode]],"-",tblCong[[#This Row],[sCode]]) -> D01-S02 | K41: =VLOOKUP(tblCong[[#This Row],[seketCode]],tblSeket[#All],5,FALSE) -> Dedua | L41: =Paris!L$13 -> P01 | M41: =CONCATENATE(tblCong[[#This Row],[seketCode]],"-",tblCong[[#This Row],[pCode]]) -> D01-S02-P01 | N41: =Paris!M$13 -> Yumeng | O41: K01 | P41: Yunziang
F42: =CONCATENATE(tblCong[[#This Row],[parishCode]],"-",tblCong[[#This Row],[kCode]]) -> D01-S02-P01-K02 | G42: =Distrik!F$5 -> D01 | H42: =VLOOKUP(tblCong[[#This Row],[distCode]],tblDistrict[#All],2) -> Kâte | I42: =Seket!I$6 -> S02 | J42: =CONCATENATE(tblCong[[#This Row],[distCode]],"-",tblCong[[#This Row],[sCode]]) -> D01-S02 | K42: =VLOOKUP(tblCong[[#This Row],[seketCode]],tblSeket[#All],5,FALSE) -> Dedua | L42: =Paris!L$13 -> P01 | M42: =CONCATENATE(tblCong[[#This Row],[seketCode]],"-",tblCong[[#This Row],[pCode]]) -> D01-S02-P01 | N42: =Paris!M$13 -> Yumeng | O42: K02 | P42: Yomeng
F43: =CONCATENATE(tblCong[[#This Row],[parishCode]],"-",tblCong[[#This Row],[kCode]]) -> D01-S02-P01-K03 | G43: =Distrik!F$5 -> D01 | H43: =VLOOKUP(tblCong[[#This Row],[distCode]],tblDistrict[#All],2) -> Kâte | I43: =Seket!I$6 -> S02 | J43: =CONCATENATE(tblCong[[#This Row],[distCode]],"-",tblCong[[#This Row],[sCode]]) -> D01-S02 | K43: =VLOOKUP(tblCong[[#This Row],[seketCode]],tblSeket[#All],5,FALSE) -> Dedua | L43: =Paris!L$13 -> P01 | M43: =CONCATENATE(tblCong[[#This Row],[seketCode]],"-",tblCong[[#This Row],[pCode]]) -> D01-S02-P01 | N43: =Paris!M$13 -> Yumeng | O43: K03 | P43: Faseu
F44: =CONCATENATE(tblCong[[#This Row],[parishCode]],"-",tblCong[[#This Row],[kCode]]) -> D01-S02-P01-K04 | G44: =Distrik!F$5 -> D01 | H44: =VLOOKUP(tblCong[[#This Row],[distCode]],tblDistrict[#All],2) -> Kâte | I44: =Seket!I$6 -> S02 | J44: =CONCATENATE(tblCong[[#This Row],[distCode]],"-",tblCong[[#This Row],[sCode]]) -> D01-S02 | K44: =VLOOKUP(tblCong[[#This Row],[seketCode]],tblSeket[#All],5,FALSE) -> Dedua | L44: =Paris!L$13 -> P01 | M44: =CONCATENATE(tblCong[[#This Row],[seketCode]],"-",tblCong[[#This Row],[pCode]]) -> D01-S02-P01 | N44: =Paris!M$13 -> Yumeng | O44: K04 | P44: Moracgoc
F45: =CONCATENATE(tblCong[[#This Row],[parishCode]],"-",tblCong[[#This Row],[kCode]]) -> D01-S02-P02-K01 | G45: =Distrik!F$5 -> D01 | H45: =VLOOKUP(tblCong[[#This Row],[distCode]],tblDistrict[#All],2) -> Kâte | I45: =Seket!I$6 -> S02 | J45: =CONCATENATE(tblCong[[#This Row],[distCode]],"-",tblCong[[#This Row],[sCode]]) -> D01-S02 | K45: =VLOOKUP(tblCong[[#This Row],[seketCode]],tblSeket[#All],5,FALSE) -> Dedua | L45: =Paris!L$14 -> P02 | M45: =CONCATENATE(tblCong[[#This Row],[seketCode]],"-",tblCong[[#This Row],[pCode]]) -> D01-S02-P02 | N45: =Paris!M$14 -> Munsel | O45: K01 | P45: Hoboc
F46: =CONCATENATE(tblCong[[#This Row],[parishCode]],"-",tblCong[[#This Row],[kCode]]) -> D01-S02-P02-K02 | G46: =Distrik!F$5 -> D01 | H46: =VLOOKUP(tblCong[[#This Row],[distCode]],tblDistrict[#All],2) -> Kâte | I46: =Seket!I$6 -> S02 | J46: =CONCATENATE(tblCong[[#This Row],[distCode]],"-",tblCong[[#This Row],[sCode]]) -> D01-S02 | K46: =VLOOKUP(tblCong[[#This Row],[seketCode]],tblSeket[#All],5,FALSE) -> Dedua | L46: =Paris!L$14 -> P02 | M46: =CONCATENATE(tblCong[[#This Row],[seketCode]],"-",tblCong[[#This Row],[pCode]]) -> D01-S02-P02 | N46: =Paris!M$14 -> Munsel | O46: K02 | P46: Turuo
F47: =CONCATENATE(tblCong[[#This Row],[parishCode]],"-",tblCong[[#This Row],[kCode]]) -> D01-S02-P03-K01 | G47: =Distrik!F$5 -> D01 | H47: =VLOOKUP(tblCong[[#This Row],[distCode]],tblDistrict[#All],2) -> Kâte | I47: =Seket!I$6 -> S02 | J47: =CONCATENATE(tblCong[[#This Row],[distCode]],"-",tblCong[[#This Row],[sCode]]) -> D01-S02 | K47: =VLOOKUP(tblCong[[#This Row],[seketCode]],tblSeket[#All],5,FALSE) -> Dedua | L47: =Paris!L$15 -> P03 | M47: =CONCATENATE(tblCong[[#This Row],[seketCode]],"-",tblCong[[#This Row],[pCode]]) -> D01-S02-P03 | N47: =Paris!M$15 -> Masa | O47: K01 | P47: Zembeac
F48: =CONCATENATE(tblCong[[#This Row],[parishCode]],"-",tblCong[[#This Row],[kCode]]) -> D01-S02-P03-K02 | G48: =Distrik!F$5 -> D01 | H48: =VLOOKUP(tblCong[[#This Row],[distCode]],tblDistrict[#All],2) -> Kâte | I48: =Seket!I$6 -> S02 | J48: =CONCATENATE(tblCong[[#This Row],[distCode]],"-",tblCong[[#This Row],[sCode]]) -> D01-S02 | K48: =VLOOKUP(tblCong[[#This Row],[seketCode]],tblSeket[#All],5,FALSE) -> Dedua | L48: =Paris!L$15 -> P03 | M48: =CONCATENATE(tblCong[[#This Row],[seketCode]],"-",tblCong[[#This Row],[pCode]]) -> D01-S02-P03 | N48: =Paris!M$15 -> Masa | O48: K02 | P48: Soseku
F49: =CONCATENATE(tblCong[[#This Row],[parishCode]],"-",tblCong[[#This Row],[kCode]]) -> D01-S02-P03-K03 | G49: =Distrik!F$5 -> D01 | H49: =VLOOKUP(tblCong[[#This Row],[distCode]],tblDistrict[#All],2) -> Kâte | I49: =Seket!I$6 -> S02 | J49: =CONCATENATE(tblCong[[#This Row],[distCode]],"-",tblCong[[#This Row],[sCode]]) -> D01-S02 | K49: =VLOOKUP(tblCong[[#This Row],[seketCode]],tblSeket[#All],5,FALSE) -> Dedua | L49: =Paris!L$15 -> P03 | M49: =CONCATENATE(tblCong[[#This Row],[seketCode]],"-",tblCong[[#This Row],[pCode]]) -> D01-S02-P03 | N49: =Paris!M$15 -> Masa | O49: K03 | P49: Besaiba
F50: =CONCATENATE(tblCong[[#This Row],[parishCode]],"-",tblCong[[#This Row],[kCode]]) -> D01-S02-P03-K04 | G50: =Distrik!F$5 -> D01 | H50: =VLOOKUP(tblCong[[#This Row],[distCode]],tblDistrict[#All],2) -> Kâte | I50: =Seket!I$6 -> S02 | J50: =CONCATENATE(tblCong[[#This Row],[distCode]],"-",tblCong[[#This Row],[sCode]]) -> D01-S02 | K50: =VLOOKUP(tblCong[[#This Row],[seketCode]],tblSeket[#All],5,FALSE) -> Dedua | L50: =Paris!L$15 -> P03 | M50: =CONCATENATE(tblCong[[#This Row],[seketCode]],"-",tblCong[[#This Row],[pCode]]) -> D01-S02-P03 | N50: =Paris!M$15 -> Masa | O50: K04 | P50: Banziu
F51: =CONCATENATE(tblCong[[#This Row],[parishCode]],"-",tblCong[[#This Row],[kCode]]) -> D01-S02-P03-K05 | G51: =Distrik!F$5 -> D01 | H51: =VLOOKUP(tblCong[[#This Row],[distCode]],tblDistrict[#All],2) -> Kâte | I51: =Seket!I$6 -> S02 | J51: =CONCATENATE(tblCong[[#This Row],[distCode]],"-",tblCong[[#This Row],[sCode]]) -> D01-S02 | K51: =VLOOKUP(tblCong[[#This Row],[seketCode]],tblSeket[#All],5,FALSE) -> Dedua | L51: =Paris!L$15 -> P03 | M51: =CONCATENATE(tblCong[[#This Row],[seketCode]],"-",tblCong[[#This Row],[pCode]]) -> D01-S02-P03 | N51: =Paris!M$15 -> Masa | O51: K05 | P51: Ondeu
F52: =CONCATENATE(tblCong[[#This Row],[parishCode]],"-",tblCong[[#This Row],[kCode]]) -> D01-S02-P03-K06 | G52: =Distrik!F$5 -> D01 | H52: =VLOOKUP(tblCong[[#This Row],[distCode]],tblDistrict[#All],2) -> Kâte | I52: =Seket!I$6 -> S02 | J52: =CONCATENATE(tblCong[[#This Row],[distCode]],"-",tblCong[[#This Row],[sCode]]) -> D01-S02 | K52: =VLOOKUP(tblCong[[#This Row],[seketCode]],tblSeket[#All],5,FALSE) -> Dedua | L52: =Paris!L$15 -> P03 | M52: =CONCATENATE(tblCong[[#This Row],[seketCode]],"-",tblCong[[#This Row],[pCode]]) -> D01-S02-P03 | N52: =Paris!M$15 -> Masa | O52: K06 | P52: Singfanic
F53: =CONCATENATE(tblCong[[#This Row],[parishCode]],"-",tblCong[[#This Row],[kCode]]) -> D01-S02-P04-K01 | G53: =Distrik!F$5 -> D01 | H53: =VLOOKUP(tblCong[[#This Row],[distCode]],tblDistrict[#All],2) -> Kâte | I53: =Seket!I$6 -> S02 | J53: =CONCATENATE(tblCong[[#This Row],[distCode]],"-",tblCong[[#This Row],[sCode]]) -> D01-S02 | K53: =VLOOKUP(tblCong[[#This Row],[seketCode]],tblSeket[#All],5,FALSE) -> Dedua | L53: =Paris!L$16 -> P04 | M53: =CONCATENATE(tblCong[[#This Row],[seketCode]],"-",tblCong[[#This Row],[pCode]]) -> D01-S02-P04 | N53: =Paris!M$16 -> Yasire | O53: K01 | P53: Yamino
F54: =CONCATENATE(tblCong[[#This Row],[parishCode]],"-",tblCong[[#This Row],[kCode]]) -> D01-S02-P04-K02 | G54: =Distrik!F$5 -> D01 | H54: =VLOOKUP(tblCong[[#This Row],[distCode]],tblDistrict[#All],2) -> Kâte | I54: =Seket!I$6 -> S02 | J54: =CONCATENATE(tblCong[[#This Row],[distCode]],"-",tblCong[[#This Row],[sCode]]) -> D01-S02 | K54: =VLOOKUP(tblCong[[#This Row],[seketCode]],tblSeket[#All],5,FALSE) -> Dedua | L54: =Paris!L$16 -> P04 | M54: =CONCATENATE(tblCong[[#This Row],[seketCode]],"-",tblCong[[#This Row],[pCode]]) -> D01-S02-P04 | N54: =Paris!M$16 -> Yasire | O54: K02 | P54: Siwea
F55: =CONCATENATE(tblCong[[#This Row],[parishCode]],"-",tblCong[[#This Row],[kCode]]) -> D01-S02-P04-K03 | G55: =Distrik!F$5 -> D01 | H55: =VLOOKUP(tblCong[[#This Row],[distCode]],tblDistrict[#All],2) -> Kâte | I55: =Seket!I$6 -> S02 | J55: =CONCATENATE(tblCong[[#This Row],[distCode]],"-",tblCong[[#This Row],[sCode]]) -> D01-S02 | K55: =VLOOKUP(tblCong[[#This Row],[seketCode]],tblSeket[#All],5,FALSE) -> Dedua | L55: =Paris!L$16 -> P04 | M55: =CONCATENATE(tblCong[[#This Row],[seketCode]],"-",tblCong[[#This Row],[pCode]]) -> D01-S02-P04 | N55: =Paris!M$16 -> Yasire | O55: K03 | P55: Rebafu
F56: =CONCATENATE(tblCong[[#This Row],[parishCode]],"-",tblCong[[#This Row],[kCode]]) -> D01-S02-P05-K01 | G56: =Distrik!F$5 -> D01 | H56: =VLOOKUP(tblCong[[#This Row],[distCode]],tblDistrict[#All],2) -> Kâte | I56: =Seket!I$6 -> S02 | J56: =CONCATENATE(tblCong[[#This Row],[distCode]],"-",tblCong[[#This Row],[sCode]]) -> D01-S02 | K56: =VLOOKUP(tblCong[[#This Row],[seketCode]],tblSeket[#All],5,FALSE) -> Dedua | L56: =Paris!L$17 -> P05 | M56: =CONCATENATE(tblCong[[#This Row],[seketCode]],"-",tblCong[[#This Row],[pCode]]) -> D01-S02-P05 | N56: =Paris!M$17 -> Koyoza | O56: K01 | P56: Korongmanau
F57: =CONCATENATE(tblCong[[#This Row],[parishCode]],"-",tblCong[[#This Row],[kCode]]) -> D01-S02-P05-K02 | G57: =Distrik!F$5 -> D01 | H57: =VLOOKUP(tblCong[[#This Row],[distCode]],tblDistrict[#All],2) -> Kâte | I57: =Seket!I$6 -> S02 | J57: =CONCATENATE(tblCong[[#This Row],[distCode]],"-",tblCong[[#This Row],[sCode]]) -> D01-S02 | K57: =VLOOKUP(tblCong[[#This Row],[seketCode]],tblSeket[#All],5,FALSE) -> Dedua | L57: =Paris!L$17 -> P05 | M57: =CONCATENATE(tblCong[[#This Row],[seketCode]],"-",tblCong[[#This Row],[pCode]]) -> D01-S02-P05 | N57: =Paris!M$17 -> Koyoza | O57: K02 | P57: Yomozoko
F58: =CONCATENATE(tblCong[[#This Row],[parishCode]],"-",tblCong[[#This Row],[kCode]]) -> D01-S02-P05-K03 | G58: =Distrik!F$5 -> D01 | H58: =VLOOKUP(tblCong[[#This Row],[distCode]],tblDistrict[#All],2) -> Kâte | I58: =Seket!I$6 -> S02 | J58: =CONCATENATE(tblCong[[#This Row],[distCode]],"-",tblCong[[#This Row],[sCode]]) -> D01-S02 | K58: =VLOOKUP(tblCong[[#This Row],[seketCode]],tblSeket[#All],5,FALSE) -> Dedua | L58: =Paris!L$17 -> P05 | M58: =CONCATENATE(tblCong[[#This Row],[seketCode]],"-",tblCong[[#This Row],[pCode]]) -> D01-S02-P05 | N58: =Paris!M$17 -> Koyoza | O58: K03 | P58: Zangganu
F59: =CONCATENATE(tblCong[[#This Row],[parishCode]],"-",tblCong[[#This Row],[kCode]]) -> D01-S02-P06-K01 | G59: =Distrik!F$5 -> D01 | H59: =VLOOKUP(tblCong[[#This Row],[distCode]],tblDistrict[#All],2) -> Kâte | I59: =Seket!I$6 -> S02 | J59: =CONCATENATE(tblCong[[#This Row],[distCode]],"-",tblCong[[#This Row],[sCode]]) -> D01-S02 | K59: =VLOOKUP(tblCong[[#This Row],[seketCode]],tblSeket[#All],5,FALSE) -> Dedua | L59: =Paris!L$18 -> P06 | M59: =CONCATENATE(tblCong[[#This Row],[seketCode]],"-",tblCong[[#This Row],[pCode]]) -> D01-S02-P06 | N59: =Paris!M$18 -> Zazozo | O59: K01 | P59: Zagehemec
F60: =CONCATENATE(tblCong[[#This Row],[parishCode]],"-",tblCong[[#This Row],[kCode]]) -> D01-S02-P06-K02 | G60: =Distrik!F$5 -> D01 | H60: =VLOOKUP(tblCong[[#This Row],[distCode]],tblDistrict[#All],2) -> Kâte | I60: =Seket!I$6 -> S02 | J60: =CONCATENATE(tblCong[[#This Row],[distCode]],"-",tblCong[[#This Row],[sCode]]) -> D01-S02 | K60: =VLOOKUP(tblCong[[#This Row],[seketCode]],tblSeket[#All],5,FALSE) -> Dedua | L60: =Paris!L$18 -> P06 | M60: =CONCATENATE(tblCong[[#This Row],[seketCode]],"-",tblCong[[#This Row],[pCode]]) -> D01-S02-P06 | N60: =Paris!M$18 -> Zazozo | O60: K02 | P60: Zongefifi
F61: =CONCATENATE(tblCong[[#This Row],[parishCode]],"-",tblCong[[#This Row],[kCode]]) -> D01-S02-P06-K03 | G61: =Distrik!F$5 -> D01 | H61: =VLOOKUP(tblCong[[#This Row],[distCode]],tblDistrict[#All],2) -> Kâte | I61: =Seket!I$6 -> S02 | J61: =CONCATENATE(tblCong[[#This Row],[distCode]],"-",tblCong[[#This Row],[sCode]]) -> D01-S02 | K61: =VLOOKUP(tblCong[[#This Row],[seketCode]],tblSeket[#All],5,FALSE) -> Dedua | L61: =Paris!L$18 -> P06 | M61: =CONCATENATE(tblCong[[#This Row],[seketCode]],"-",tblCong[[#This Row],[pCode]]) -> D01-S02-P06 | N61: =Paris!M$18 -> Zazozo | O61: K03 | P61: Zorogo
F62: =CONCATENATE(tblCong[[#This Row],[parishCode]],"-",tblCong[[#This Row],[kCode]]) -> D01-S02-P07-K01 | G62: =Distrik!F$5 -> D01 | H62: =VLOOKUP(tblCong[[#This Row],[distCode]],tblDistrict[#All],2) -> Kâte | I62: =Seket!I$6 -> S02 | J62: =CONCATENATE(tblCong[[#This Row],[distCode]],"-",tblCong[[#This Row],[sCode]]) -> D01-S02 | K62: =VLOOKUP(tblCong[[#This Row],[seketCode]],tblSeket[#All],5,FALSE) -> Dedua | L62: =Paris!L$19 -> P07 | M62: =CONCATENATE(tblCong[[#This Row],[seketCode]],"-",tblCong[[#This Row],[pCode]]) -> D01-S02-P07 | N62: =Paris!M$19 -> Huwago | O62: K01 | P62: Hudewa
F63: =CONCATENATE(tblCong[[#This Row],[parishCode]],"-",tblCong[[#This Row],[kCode]]) -> D01-S02-P07-K02 | G63: =Distrik!F$5 -> D01 | H63: =VLOOKUP(tblCong[[#This Row],[distCode]],tblDistrict[#All],2) -> Kâte | I63: =Seket!I$6 -> S02 | J63: =CONCATENATE(tblCong[[#This Row],[distCode]],"-",tblCong[[#This Row],[sCode]]) -> D01-S02 | K63: =VLOOKUP(tblCong[[#This Row],[seketCode]],tblSeket[#All],5,FALSE) -> Dedua | L63: =Paris!L$19 -> P07 | M63: =CONCATENATE(tblCong[[#This Row],[seketCode]],"-",tblCong[[#This Row],[pCode]]) -> D01-S02-P07 | N63: =Paris!M$19 -> Huwago | O63: K02 | P63: Waringai
F64: =CONCATENATE(tblCong[[#This Row],[parishCode]],"-",tblCong[[#This Row],[kCode]]) -> D01-S02-P07-K03 | G64: =Distrik!F$5 -> D01 | H64: =VLOOKUP(tblCong[[#This Row],[distCode]],tblDistrict[#All],2) -> Kâte | I64: =Seket!I$6 -> S02 | J64: =CONCATENATE(tblCong[[#This Row],[distCode]],"-",tblCong[[#This Row],[sCode]]) -> D01-S02 | K64: =VLOOKUP(tblCong[[#This Row],[seketCode]],tblSeket[#All],5,FALSE) -> Dedua | L64: =Paris!L$19 -> P07 | M64: =CONCATENATE(tblCong[[#This Row],[seketCode]],"-",tblCong[[#This Row],[pCode]]) -> D01-S02-P07 | N64: =Paris!M$19 -> Huwago | O64: K03 | P64: Ago
F65: =CONCATENATE(tblCong[[#This Row],[parishCode]],"-",tblCong[[#This Row],[kCode]]) -> D01-S03-P01-K01 | G65: =Distrik!F$5 -> D01 | H65: =VLOOKUP(tblCong[[#This Row],[distCode]],tblDistrict[#All],2) -> Kâte | I65: =Seket!I$7 -> S03 | J65: =CONCATENATE(tblCong[[#This Row],[distCode]],"-",tblCong[[#This Row],[sCode]]) -> D01-S03 | K65: =VLOOKUP(tblCong[[#This Row],[seketCode]],tblSeket[#All],5,FALSE) -> Sattelberg | L65: =Paris!L$20 -> P01 | M65: =CONCATENATE(tblCong[[#This Row],[seketCode]],"-",tblCong[[#This Row],[pCode]]) -> D01-S03-P01 | N65: =Paris!M$20 -> Efa | O65: K01 | P65: Embewoneng
F66: =CONCATENATE(tblCong[[#This Row],[parishCode]],"-",tblCong[[#This Row],[kCode]]) -> D01-S03-P01-K02 | G66: =Distrik!F$5 -> D01 | H66: =VLOOKUP(tblCong[[#This Row],[distCode]],tblDistrict[#All],2) -> Kâte | I66: =Seket!I$7 -> S03 | J66: =CONCATENATE(tblCong[[#This Row],[distCode]],"-",tblCong[[#This Row],[sCode]]) -> D01-S03 | K66: =VLOOKUP(tblCong[[#This Row],[seketCode]],tblSeket[#All],5,FALSE) -> Sattelberg | L66: =Paris!L$20 -> P01 | M66: =CONCATENATE(tblCong[[#This Row],[seketCode]],"-",tblCong[[#This Row],[pCode]]) -> D01-S03-P01 | N66: =Paris!M$20 -> Efa | O66: K02 | P66: Sofifi
F67: =CONCATENATE(tblCong[[#This Row],[parishCode]],"-",tblCong[[#This Row],[kCode]]) -> D01-S03-P02-K01 | G67: =Distrik!F$5 -> D01 | H67: =VLOOKUP(tblCong[[#This Row],[distCode]],tblDistrict[#All],2) -> Kâte | I67: =Seket!I$7 -> S03 | J67: =CONCATENATE(tblCong[[#This Row],[distCode]],"-",tblCong[[#This Row],[sCode]]) -> D01-S03 | K67: =VLOOKUP(tblCong[[#This Row],[seketCode]],tblSeket[#All],5,FALSE) -> Sattelberg | L67: =Paris!L$21 -> P02 | M67: =CONCATENATE(tblCong[[#This Row],[seketCode]],"-",tblCong[[#This Row],[pCode]]) -> D01-S03-P02 | N67: =Paris!M$21 -> Bomaza | O67: K01 | P67: Mawoneng
F68: =CONCATENATE(tblCong[[#This Row],[parishCode]],"-",tblCong[[#This Row],[kCode]]) -> D01-S03-P02-K02 | G68: =Distrik!F$5 -> D01 | H68: =VLOOKUP(tblCong[[#This Row],[distCode]],tblDistrict[#All],2) -> Kâte | I68: =Seket!I$7 -> S03 | J68: =CONCATENATE(tblCong[[#This Row],[distCode]],"-",tblCong[[#This Row],[sCode]]) -> D01-S03 | K68: =VLOOKUP(tblCong[[#This Row],[seketCode]],tblSeket[#All],5,FALSE) -> Sattelberg | L68: =Paris!L$21 -> P02 | M68: =CONCATENATE(tblCong[[#This Row],[seketCode]],"-",tblCong[[#This Row],[pCode]]) -> D01-S03-P02 | N68: =Paris!M$21 -> Bomaza | O68: K02 | P68: Maguecko
F69: =CONCATENATE(tblCong[[#This Row],[parishCode]],"-",tblCong[[#This Row],[kCode]]) -> D01-S03-P02-K03 | G69: =Distrik!F$5 -> D01 | H69: =VLOOKUP(tblCong[[#This Row],[distCode]],tblDistrict[#All],2) -> Kâte | I69: =Seket!I$7 -> S03 | J69: =CONCATENATE(tblCong[[#This Row],[distCode]],"-",tblCong[[#This Row],[sCode]]) -> D01-S03 | K69: =VLOOKUP(tblCong[[#This Row],[seketCode]],tblSeket[#All],5,FALSE) -> Sattelberg | L69: =Paris!L$21 -> P02 | M69: =CONCATENATE(tblCong[[#This Row],[seketCode]],"-",tblCong[[#This Row],[pCode]]) -> D01-S03-P02 | N69: =Paris!M$21 -> Bomaza | O69: K03 | P69: Zuqong?
F70: =CONCATENATE(tblCong[[#This Row],[parishCode]],"-",tblCong[[#This Row],[kCode]]) -> D01-S03-P03-K01 | G70: =Distrik!F$5 -> D01 | H70: =VLOOKUP(tblCong[[#This Row],[distCode]],tblDistrict[#All],2) -> Kâte | I70: =Seket!I$7 -> S03 | J70: =CONCATENATE(tblCong[[#This Row],[distCode]],"-",tblCong[[#This Row],[sCode]]) -> D01-S03 | K70: =VLOOKUP(tblCong[[#This Row],[seketCode]],tblSeket[#All],5,FALSE) -> Sattelberg | L70: =Paris!L$22 -> P03 | M70: =CONCATENATE(tblCong[[#This Row],[seketCode]],"-",tblCong[[#This Row],[pCode]]) -> D01-S03-P03 | N70: =Paris!M$22 -> Zukiba | O70: K01 | P70: Zuqong?
F71: =CONCATENATE(tblCong[[#This Row],[parishCode]],"-",tblCong[[#This Row],[kCode]]) -> D01-S03-P03-K02 | G71: =Distrik!F$5 -> D01 | H71: =VLOOKUP(tblCong[[#This Row],[distCode]],tblDistrict[#All],2) -> Kâte | I71: =Seket!I$7 -> S03 | J71: =CONCATENATE(tblCong[[#This Row],[distCode]],"-",tblCong[[#This Row],[sCode]]) -> D01-S03 | K71: =VLOOKUP(tblCong[[#This Row],[seketCode]],tblSeket[#All],5,FALSE) -> Sattelberg | L71: =Paris!L$22 -> P03 | M71: =CONCATENATE(tblCong[[#This Row],[seketCode]],"-",tblCong[[#This Row],[pCode]]) -> D01-S03-P03 | N71: =Paris!M$22 -> Zukiba | O71: K02 | P71: Beding
F72: =CONCATENATE(tblCong[[#This Row],[parishCode]],"-",tblCong[[#This Row],[kCode]]) -> D01-S03-P04-K01 | G72: =Distrik!F$5 -> D01 | H72: =VLOOKUP(tblCong[[#This Row],[distCode]],tblDistrict[#All],2) -> Kâte | I72: =Seket!I$7 -> S03 | J72: =CONCATENATE(tblCong[[#This Row],[distCode]],"-",tblCong[[#This Row],[sCode]]) -> D01-S03 | K72: =VLOOKUP(tblCong[[#This Row],[seketCode]],tblSeket[#All],5,FALSE) -> Sattelberg | L72: =Paris!L$23 -> P04 | M72: =CONCATENATE(tblCong[[#This Row],[seketCode]],"-",tblCong[[#This Row],[pCode]]) -> D01-S03-P04 | N72: =Paris!M$23 -> Fosama | O72: K01 | P72: Fondengko
F73: =CONCATENATE(tblCong[[#This Row],[parishCode]],"-",tblCong[[#This Row],[kCode]]) -> D01-S03-P04-K02 | G73: =Distrik!F$5 -> D01 | H73: =VLOOKUP(tblCong[[#This Row],[distCode]],tblDistrict[#All],2) -> Kâte | I73: =Seket!I$7 -> S03 | J73: =CONCATENATE(tblCong[[#This Row],[distCode]],"-",tblCong[[#This Row],[sCode]]) -> D01-S03 | K73: =VLOOKUP(tblCong[[#This Row],[seketCode]],tblSeket[#All],5,FALSE) -> Sattelberg | L73: =Paris!L$23 -> P04 | M73: =CONCATENATE(tblCong[[#This Row],[seketCode]],"-",tblCong[[#This Row],[pCode]]) -> D01-S03-P04 | N73: =Paris!M$23 -> Fosama | O73: K02 | P73: Samantiki
F74: =CONCATENATE(tblCong[[#This Row],[parishCode]],"-",tblCong[[#This Row],[kCode]]) -> D01-S03-P04-K03 | G74: =Distrik!F$5 -> D01 | H74: =VLOOKUP(tblCong[[#This Row],[distCode]],tblDistrict[#All],2) -> Kâte | I74: =Seket!I$7 -> S03 | J74: =CONCATENATE(tblCong[[#This Row],[distCode]],"-",tblCong[[#This Row],[sCode]]) -> D01-S03 | K74: =VLOOKUP(tblCong[[#This Row],[seketCode]],tblSeket[#All],5,FALSE) -> Sattelberg | L74: =Paris!L$23 -> P04 | M74: =CONCATENATE(tblCong[[#This Row],[seketCode]],"-",tblCong[[#This Row],[pCode]]) -> D01-S03-P04 | N74: =Paris!M$23 -> Fosama | O74: K03 | P74: Maiwoneng
F75: =CONCATENATE(tblCong[[#This Row],[parishCode]],"-",tblCong[[#This Row],[kCode]]) -> D01-S03-P05-K01 | G75: =Distrik!F$5 -> D01 | H75: =VLOOKUP(tblCong[[#This Row],[distCode]],tblDistrict[#All],2) -> Kâte | I75: =Seket!I$7 -> S03 | J75: =CONCATENATE(tblCong[[#This Row],[distCode]],"-",tblCong[[#This Row],[sCode]]) -> D01-S03 | K75: =VLOOKUP(tblCong[[#This Row],[seketCode]],tblSeket[#All],5,FALSE) -> Sattelberg | L75: =Paris!L$24 -> P05 | M75: =CONCATENATE(tblCong[[#This Row],[seketCode]],"-",tblCong[[#This Row],[pCode]]) -> D01-S03-P05 | N75: =Paris!M$24 -> Agororo | O75: K01 | P75: Junziang
F76: =CONCATENATE(tblCong[[#This Row],[parishCode]],"-",tblCong[[#This Row],[kCode]]) -> D01-S03-P05-K02 | G76: =Distrik!F$5 -> D01 | H76: =VLOOKUP(tblCong[[#This Row],[distCode]],tblDistrict[#All],2) -> Kâte | I76: =Seket!I$7 -> S03 | J76: =CONCATENATE(tblCong[[#This Row],[distCode]],"-",tblCong[[#This Row],[sCode]]) -> D01-S03 | K76: =VLOOKUP(tblCong[[#This Row],[seketCode]],tblSeket[#All],5,FALSE) -> Sattelberg | L76: =Paris!L$24 -> P05 | M76: =CONCATENATE(tblCong[[#This Row],[seketCode]],"-",tblCong[[#This Row],[pCode]]) -> D01-S03-P05 | N76: =Paris!M$24 -> Agororo | O76: K02 | P76: Anung
F77: =CONCATENATE(tblCong[[#This Row],[parishCode]],"-",tblCong[[#This Row],[kCode]]) -> D01-S03-P06-K01 | G77: =Distrik!F$5 -> D01 | H77: =VLOOKUP(tblCong[[#This Row],[distCode]],tblDistrict[#All],2) -> Kâte | I77: =Seket!I$7 -> S03 | J77: =CONCATENATE(tblCong[[#This Row],[distCode]],"-",tblCong[[#This Row],[sCode]]) -> D01-S03 | K77: =VLOOKUP(tblCong[[#This Row],[seketCode]],tblSeket[#All],5,FALSE) -> Sattelberg | L77: =Paris!L$25 -> P06 | M77: =CONCATENATE(tblCong[[#This Row],[seketCode]],"-",tblCong[[#This Row],[pCode]]) -> D01-S03-P06 | N77: =Paris!M$25 -> Sasibona | O77: K01 | P77: Nonduo
F78: =CONCATENATE(tblCong[[#This Row],[parishCode]],"-",tblCong[[#This Row],[kCode]]) -> D01-S03-P06-K02 | G78: =Distrik!F$5 -> D01 | H78: =VLOOKUP(tblCong[[#This Row],[distCode]],tblDistrict[#All],2) -> Kâte | I78: =Seket!I$7 -> S03 | J78: =CONCATENATE(tblCong[[#This Row],[distCode]],"-",tblCong[[#This Row],[sCode]]) -> D01-S03 | K78: =VLOOKUP(tblCong[[#This Row],[seketCode]],tblSeket[#All],5,FALSE) -> Sattelberg | L78: =Paris!L$25 -> P06 | M78: =CONCATENATE(tblCong[[#This Row],[seketCode]],"-",tblCong[[#This Row],[pCode]]) -> D01-S03-P06 | N78: =Paris!M$25 -> Sasibona | O78: K02 | P78: Zozoningko
F79: =CONCATENATE(tblCong[[#This Row],[parishCode]],"-",tblCong[[#This Row],[kCode]]) -> D01-S03-P06-K03 | G79: =Distrik!F$5 -> D01 | H79: =VLOOKUP(tblCong[[#This Row],[distCode]],tblDistrict[#All],2) -> Kâte | I79: =Seket!I$7 -> S03 | J79: =CONCATENATE(tblCong[[#This Row],[distCode]],"-",tblCong[[#This Row],[sCode]]) -> D01-S03 | K79: =VLOOKUP(tblCong[[#This Row],[seketCode]],tblSeket[#All],5,FALSE) -> Sattelberg | L79: =Paris!L$25 -> P06 | M79: =CONCATENATE(tblCong[[#This Row],[seketCode]],"-",tblCong[[#This Row],[pCode]]) -> D01-S03-P06 | N79: =Paris!M$25 -> Sasibona | O79: K03 | P79: Siririo
F80: =CONCATENATE(tblCong[[#This Row],[parishCode]],"-",tblCong[[#This Row],[kCode]]) -> D01-S03-P06-K04 | G80: =Distrik!F$5 -> D01 | H80: =VLOOKUP(tblCong[[#This Row],[distCode]],tblDistrict[#All],2) -> Kâte | I80: =Seket!I$7 -> S03 | J80: =CONCATENATE(tblCong[[#This Row],[distCode]],"-",tblCong[[#This Row],[sCode]]) -> D01-S03 | K80: =VLOOKUP(tblCong[[#This Row],[seketCode]],tblSeket[#All],5,FALSE) -> Sattelberg | L80: =Paris!L$25 -> P06 | M80: =CONCATENATE(tblCong[[#This Row],[seketCode]],"-",tblCong[[#This Row],[pCode]]) -> D01-S03-P06 | N80: =Paris!M$25 -> Sasibona | O80: K04 | P80: Boringbongeng
F81: =CONCATENATE(tblCong[[#This Row],[parishCode]],"-",tblCong[[#This Row],[kCode]]) -> D01-S03-P07-K01 | G81: =Distrik!F$5 -> D01 | H81: =VLOOKUP(tblCong[[#This Row],[distCode]],tblDistrict[#All],2) -> Kâte | I81: =Seket!I$7 -> S03 | J81: =CONCATENATE(tblCong[[#This Row],[distCode]],"-",tblCong[[#This Row],[sCode]]) -> D01-S03 | K81: =VLOOKUP(tblCong[[#This Row],[seketCode]],tblSeket[#All],5,FALSE) -> Sattelberg | L81: =Paris!L$26 -> P07 | M81: =CONCATENATE(tblCong[[#This Row],[seketCode]],"-",tblCong[[#This Row],[pCode]]) -> D01-S03-P07 | N81: =Paris!M$26 -> Wemo | O81: K01 | P81: Masangko
F82: =CONCATENATE(tblCong[[#This Row],[parishCode]],"-",tblCong[[#This Row],[kCode]]) -> D01-S03-P07-K02 | G82: =Distrik!F$5 -> D01 | H82: =VLOOKUP(tblCong[[#This Row],[distCode]],tblDistrict[#All],2) -> Kâte | I82: =Seket!I$7 -> S03 | J82: =CONCATENATE(tblCong[[#This Row],[distCode]],"-",tblCong[[#This Row],[sCode]]) -> D01-S03 | K82: =VLOOKUP(tblCong[[#This Row],[seketCode]],tblSeket[#All],5,FALSE) -> Sattelberg | L82: =Paris!L$26 -> P07 | M82: =CONCATENATE(tblCong[[#This Row],[seketCode]],"-",tblCong[[#This Row],[pCode]]) -> D01-S03-P07 | N82: =Paris!M$26 -> Wemo | O82: K02 | P82: Fio
F83: =CONCATENATE(tblCong[[#This Row],[parishCode]],"-",tblCong[[#This Row],[kCode]]) -> D01-S03-P07-K03 | G83: =Distrik!F$5 -> D01 | H83: =VLOOKUP(tblCong[[#This Row],[distCode]],tblDistrict[#All],2) -> Kâte | I83: =Seket!I$7 -> S03 | J83: =CONCATENATE(tblCong[[#This Row],[distCode]],"-",tblCong[[#This Row],[sCode]]) -> D01-S03 | K83: =VLOOKUP(tblCong[[#This Row],[seketCode]],tblSeket[#All],5,FALSE) -> Sattelberg | L83: =Paris!L$26 -> P07 | M83: =CONCATENATE(tblCong[[#This Row],[seketCode]],"-",tblCong[[#This Row],[pCode]]) -> D01-S03-P07 | N83: =Paris!M$26 -> Wemo | O83: K03 | P83: Qorangko
F84: =CONCATENATE(tblCong[[#This Row],[parishCode]],"-",tblCong[[#This Row],[kCode]]) -> D01-S03-P07-K04 | G84: =Distrik!F$5 -> D01 | H84: =VLOOKUP(tblCong[[#This Row],[distCode]],tblDistrict[#All],2) -> Kâte | I84: =Seket!I$7 -> S03 | J84: =CONCATENATE(tblCong[[#This Row],[distCode]],"-",tblCong[[#This Row],[sCode]]) -> D01-S03 | K84: =VLOOKUP(tblCong[[#This Row],[seketCode]],tblSeket[#All],5,FALSE) -> Sattelberg | L84: =Paris!L$26 -> P07 | M84: =CONCATENATE(tblCong[[#This Row],[seketCode]],"-",tblCong[[#This Row],[pCode]]) -> D01-S03-P07 | N84: =Paris!M$26 -> Wemo | O84: K04 | P84: Qeraharuc
F85: =CONCATENATE(tblCong[[#This Row],[parishCode]],"-",tblCong[[#This Row],[kCode]]) -> D01-S03-P07-K05 | G85: =Distrik!F$5 -> D01 | H85: =VLOOKUP(tblCong[[#This Row],[distCode]],tblDistrict[#All],2) -> Kâte | I85: =Seket!I$7 -> S03 | J85: =CONCATENATE(tblCong[[#This Row],[distCode]],"-",tblCong[[#This Row],[sCode]]) -> D01-S03 | K85: =VLOOKUP(tblCong[[#This Row],[seketCode]],tblSeket[#All],5,FALSE) -> Sattelberg | L85: =Paris!L$26 -> P07 | M85: =CONCATENATE(tblCong[[#This Row],[seketCode]],"-",tblCong[[#This Row],[pCode]]) -> D01-S03-P07 | N85: =Paris!M$26 -> Wemo | O85: K05 | P85: Moruruo
F86: =CONCATENATE(tblCong[[#This Row],[parishCode]],"-",tblCong[[#This Row],[kCode]]) -> D01-S03-P07-K06 | G86: =Distrik!F$5 -> D01 | H86: =VLOOKUP(tblCong[[#This Row],[distCode]],tblDistrict[#All],2) -> Kâte | I86: =Seket!I$7 -> S03 | J86: =CONCATENATE(tblCong[[#This Row],[distCode]],"-",tblCong[[#This Row],[sCode]]) -> D01-S03 | K86: =VLOOKUP(tblCong[[#This Row],[seketCode]],tblSeket[#All],5,FALSE) -> Sattelberg | L86: =Paris!L$26 -> P07 | M86: =CONCATENATE(tblCong[[#This Row],[seketCode]],"-",tblCong[[#This Row],[pCode]]) -> D01-S03-P07 | N86: =Paris!M$26 -> Wemo | O86: K06 | P86: Dopao
F87: =CONCATENATE(tblCong[[#This Row],[parishCode]],"-",tblCong[[#This Row],[kCode]]) -> D01-S03-P07-K07 | G87: =Distrik!F$5 -> D01 | H87: =VLOOKUP(tblCong[[#This Row],[distCode]],tblDistrict[#All],2) -> Kâte | I87: =Seket!I$7 -> S03 | J87: =CONCATENATE(tblCong[[#This Row],[distCode]],"-",tblCong[[#This Row],[sCode]]) -> D01-S03 | K87: =VLOOKUP(tblCong[[#This Row],[seketCode]],tblSeket[#All],5,FALSE) -> Sattelberg | L87: =Paris!L$26 -> P07 | M87: =CONCATENATE(tblCong[[#This Row],[seketCode]],"-",tblCong[[#This Row],[pCode]]) -> D01-S03-P07 | N87: =Paris!M$26 -> Wemo | O87: K07 | P87: Kumowo
F88: =CONCATENATE(tblCong[[#This Row],[parishCode]],"-",tblCong[[#This Row],[kCode]]) -> D01-S03-P07-K08 | G88: =Distrik!F$5 -> D01 | H88: =VLOOKUP(tblCong[[#This Row],[distCode]],tblDistrict[#All],2) -> Kâte | I88: =Seket!I$7 -> S03 | J88: =CONCATENATE(tblCong[[#This Row],[distCode]],"-",tblCong[[#This Row],[sCode]]) -> D01-S03 | K88: =VLOOKUP(tblCong[[#This Row],[seketCode]],tblSeket[#All],5,FALSE) -> Sattelberg | L88: =Paris!L$26 -> P07 | M88: =CONCATENATE(tblCong[[#This Row],[seketCode]],"-",tblCong[[#This Row],[pCode]]) -> D01-S03-P07 | N88: =Paris!M$26 -> Wemo | O88: K08 | P88: Sisi
F89: =CONCATENATE(tblCong[[#This Row],[parishCode]],"-",tblCong[[#This Row],[kCode]]) -> D01-S03-P07-K09 | G89: =Distrik!F$5 -> D01 | H89: =VLOOKUP(tblCong[[#This Row],[distCode]],tblDistrict[#All],2) -> Kâte | I89: =Seket!I$7 -> S03 | J89: =CONCATENATE(tblCong[[#This Row],[distCode]],"-",tblCong[[#This Row],[sCode]]) -> D01-S03 | K89: =VLOOKUP(tblCong[[#This Row],[seketCode]],tblSeket[#All],5,FALSE) -> Sattelberg | L89: =Paris!L$26 -> P07 | M89: =CONCATENATE(tblCong[[#This Row],[seketCode]],"-",tblCong[[#This Row],[pCode]]) -> D01-S03-P07 | N89: =Paris!M$26 -> Wemo | O89: K09 | P89: Ziwewoneng
F90: =CONCATENATE(tblCong[[#This Row],[parishCode]],"-",tblCong[[#This Row],[kCode]]) -> D01-S03-P07-K10 | G90: =Distrik!F$5 -> D01 | H90: =VLOOKUP(tblCong[[#This Row],[distCode]],tblDistrict[#All],2) -> Kâte | I90: =Seket!I$7 -> S03 | J90: =CONCATENATE(tblCong[[#This Row],[distCode]],"-",tblCong[[#This Row],[sCode]]) -> D01-S03 | K90: =VLOOKUP(tblCong[[#This Row],[seketCode]],tblSeket[#All],5,FALSE) -> Sattelberg | L90: =Paris!L$26 -> P07 | M90: =CONCATENATE(tblCong[[#This Row],[seketCode]],"-",tblCong[[#This Row],[pCode]]) -> D01-S03-P07 | N90: =Paris!M$26 -> Wemo | O90: K10 | P90: Wengune
F91: =CONCATENATE(tblCong[[#This Row],[parishCode]],"-",tblCong[[#This Row],[kCode]]) -> D01-S03-P08-K01 | G91: =Distrik!F$5 -> D01 | H91: =VLOOKUP(tblCong[[#This Row],[distCode]],tblDistrict[#All],2) -> Kâte | I91: =Seket!I$7 -> S03 | J91: =CONCATENATE(tblCong[[#This Row],[distCode]],"-",tblCong[[#This Row],[sCode]]) -> D01-S03 | K91: =VLOOKUP(tblCong[[#This Row],[seketCode]],tblSeket[#All],5,FALSE) -> Sattelberg | L91: =Paris!L$27 -> P08 | M91: =CONCATENATE(tblCong[[#This Row],[seketCode]],"-",tblCong[[#This Row],[pCode]]) -> D01-S03-P08 | N91: =Paris!M$27 -> Kitaka | O91: K01 | P91: Kiwsawa
F92: =CONCATENATE(tblCong[[#This Row],[parishCode]],"-",tblCong[[#This Row],[kCode]]) -> D01-S03-P08-K02 | G92: =Distrik!F$5 -> D01 | H92: =VLOOKUP(tblCong[[#This Row],[distCode]],tblDistrict[#All],2) -> Kâte | I92: =Seket!I$7 -> S03 | J92: =CONCATENATE(tblCong[[#This Row],[distCode]],"-",tblCong[[#This Row],[sCode]]) -> D01-S03 | K92: =VLOOKUP(tblCong[[#This Row],[seketCode]],tblSeket[#All],5,FALSE) -> Sattelberg | L92: =Paris!L$27 -> P08 | M92: =CONCATENATE(tblCong[[#This Row],[seketCode]],"-",tblCong[[#This Row],[pCode]]) -> D01-S03-P08 | N92: =Paris!M$27 -> Kitaka | O92: K02 | P92: Qoja
F93: =CONCATENATE(tblCong[[#This Row],[parishCode]],"-",tblCong[[#This Row],[kCode]]) -> D01-S03-P08-K03 | G93: =Distrik!F$5 -> D01 | H93: =VLOOKUP(tblCong[[#This Row],[distCode]],tblDistrict[#All],2) -> Kâte | I93: =Seket!I$7 -> S03 | J93: =CONCATENATE(tblCong[[#This Row],[distCode]],"-",tblCong[[#This Row],[sCode]]) -> D01-S03 | K93: =VLOOKUP(tblCong[[#This Row],[seketCode]],tblSeket[#All],5,FALSE) -> Sattelberg | L93: =Paris!L$27 -> P08 | M93: =CONCATENATE(tblCong[[#This Row],[seketCode]],"-",tblCong[[#This Row],[pCode]]) -> D01-S03-P08 | N93: =Paris!M$27 -> Kitaka | O93: K03 | P93: Torecko
F94: =CONCATENATE(tblCong[[#This Row],[parishCode]],"-",tblCong[[#This Row],[kCode]]) -> D01-S03-P08-K04 | G94: =Distrik!F$5 -> D01 | H94: =VLOOKUP(tblCong[[#This Row],[distCode]],tblDistrict[#All],2) -> Kâte | I94: =Seket!I$7 -> S03 | J94: =CONCATENATE(tblCong[[#This Row],[distCode]],"-",tblCong[[#This Row],[sCode]]) -> D01-S03 | K94: =VLOOKUP(tblCong[[#This Row],[seketCode]],tblSeket[#All],5,FALSE) -> Sattelberg | L94: =Paris!L$27 -> P08 | M94: =CONCATENATE(tblCong[[#This Row],[seketCode]],"-",tblCong[[#This Row],[pCode]]) -> D01-S03-P08 | N94: =Paris!M$27 -> Kitaka | O94: K04 | P94: Gougou
F95: =CONCATENATE(tblCong[[#This Row],[parishCode]],"-",tblCong[[#This Row],[kCode]]) -> D01-S03-P08-K05 | G95: =Distrik!F$5 -> D01 | H95: =VLOOKUP(tblCong[[#This Row],[distCode]],tblDistrict[#All],2) -> Kâte | I95: =Seket!I$7 -> S03 | J95: =CONCATENATE(tblCong[[#This Row],[distCode]],"-",tblCong[[#This Row],[sCode]]) -> D01-S03 | K95: =VLOOKUP(tblCong[[#This Row],[seketCode]],tblSeket[#All],5,FALSE) -> Sattelberg | L95: =Paris!L$27 -> P08 | M95: =CONCATENATE(tblCong[[#This Row],[seketCode]],"-",tblCong[[#This Row],[pCode]]) -> D01-S03-P08 | N95: =Paris!M$27 -> Kitaka | O95: K05 | P95: Recko
F96: =CONCATENATE(tblCong[[#This Row],[parishCode]],"-",tblCong[[#This Row],[kCode]]) -> D01-S03-P08-K06 | G96: =Distrik!F$5 -> D01 | H96: =VLOOKUP(tblCong[[#This Row],[distCode]],tblDistrict[#All],2) -> Kâte | I96: =Seket!I$7 -> S03 | J96: =CONCATENATE(tblCong[[#This Row],[distCode]],"-",tblCong[[#This Row],[sCode]]) -> D01-S03 | K96: =VLOOKUP(tblCong[[#This Row],[seketCode]],tblSeket[#All],5,FALSE) -> Sattelberg | L96: =Paris!L$27 -> P08 | M96: =CONCATENATE(tblCong[[#This Row],[seketCode]],"-",tblCong[[#This Row],[pCode]]) -> D01-S03-P08 | N96: =Paris!M$27 -> Kitaka | O96: K06 | P96: Kurue?
F97: =CONCATENATE(tblCong[[#This Row],[parishCode]],"-",tblCong[[#This Row],[kCode]]) -> D01-S03-P08-K07 | G97: =Distrik!F$5 -> D01 | H97: =VLOOKUP(tblCong[[#This Row],[distCode]],tblDistrict[#All],2) -> Kâte | I97: =Seket!I$7 -> S03 | J97: =CONCATENATE(tblCong[[#This Row],[distCode]],"-",tblCong[[#This Row],[sCode]]) -> D01-S03 | K97: =VLOOKUP(tblCong[[#This Row],[seketCode]],tblSeket[#All],5,FALSE) -> Sattelberg | L97: =Paris!L$27 -> P08 | M97: =CONCATENATE(tblCong[[#This Row],[seketCode]],"-",tblCong[[#This Row],[pCode]]) -> D01-S03-P08 | N97: =Paris!M$27 -> Kitaka | O97: K07 | P97: Heldsbach
F98: =CONCATENATE(tblCong[[#This Row],[parishCode]],"-",tblCong[[#This Row],[kCode]]) -> D01-S03-P09-K01 | G98: =Distrik!F$5 -> D01 | H98: =VLOOKUP(tblCong[[#This Row],[distCode]],tblDistrict[#All],2) -> Kâte | I98: =Seket!I$7 -> S03 | J98: =CONCATENATE(tblCong[[#This Row],[distCode]],"-",tblCong[[#This Row],[sCode]]) -> D01-S03 | K98: =VLOOKUP(tblCong[[#This Row],[seketCode]],tblSeket[#All],5,FALSE) -> Sattelberg | L98: =Paris!L$28 -> P09 | M98: =CONCATENATE(tblCong[[#This Row],[seketCode]],"-",tblCong[[#This Row],[pCode]]) -> D01-S03-P09 | N98: =Paris!M$28 -> Keregia | O98: K01 | P98: Bonga
F99: =CONCATENATE(tblCong[[#This Row],[parishCode]],"-",tblCong[[#This Row],[kCode]]) -> D01-S03-P09-K02 | G99: =Distrik!F$5 -> D01 | H99: =VLOOKUP(tblCong[[#This Row],[distCode]],tblDistrict[#All],2) -> Kâte | I99: =Seket!I$7 -> S03 | J99: =CONCATENATE(tblCong[[#This Row],[distCode]],"-",tblCong[[#This Row],[sCode]]) -> D01-S03 | K99: =VLOOKUP(tblCong[[#This Row],[seketCode]],tblSeket[#All],5,FALSE) -> Sattelberg | L99: =Paris!L$28 -> P09 | M99: =CONCATENATE(tblCong[[#This Row],[seketCode]],"-",tblCong[[#This Row],[pCode]]) -> D01-S03-P09 | N99: =Paris!M$28 -> Keregia | O99: K02 | P99: Keregia
F100: =CONCATENATE(tblCong[[#This Row],[parishCode]],"-",tblCong[[#This Row],[kCode]]) -> D01-S03-P09-K03 | G100: =Distrik!F$5 -> D01 | H100: =VLOOKUP(tblCong[[#This Row],[distCode]],tblDistrict[#All],2) -> Kâte | I100: =Seket!I$7 -> S03 | J100: =CONCATENATE(tblCong[[#This Row],[distCode]],"-",tblCong[[#This Row],[sCode]]) -> D01-S03 | K100: =VLOOKUP(tblCong[[#This Row],[seketCode]],tblSeket[#All],5,FALSE) -> Sattelberg | L100: =Paris!L$28 -> P09 | M100: =CONCATENATE(tblCong[[#This Row],[seketCode]],"-",tblCong[[#This Row],[pCode]]) -> D01-S03-P09 | N100: =Paris!M$28 -> Keregia | O100: K03 | P100: Kurue?
F101: =CONCATENATE(tblCong[[#This Row],[parishCode]],"-",tblCong[[#This Row],[kCode]]) -> D01-S03-P09-K04 | G101: =Distrik!F$5 -> D01 | H101: =VLOOKUP(tblCong[[#This Row],[distCode]],tblDistrict[#All],2) -> Kâte | I101: =Seket!I$7 -> S03 | J101: =CONCATENATE(tblCong[[#This Row],[distCode]],"-",tblCong[[#This Row],[sCode]]) -> D01-S03 | K101: =VLOOKUP(tblCong[[#This Row],[seketCode]],tblSeket[#All],5,FALSE) -> Sattelberg | L101: =Paris!L$28 -> P09 | M101: =CONCATENATE(tblCong[[#This Row],[seketCode]],"-",tblCong[[#This Row],[pCode]]) -> D01-S03-P09 | N101: =Paris!M$28 -> Keregia | O101: K04 | P101: Rakona
...
